Codigo Inventario,Registro Contable,Fecha Movimiento,Cod. Almacén,Nom. Almacen,Cod. Producto,Nombre Producto,Cod. Comercial,Codigo Unidad Medida,Nombre Unidad Medida,Clase,Sub Clase,Sub Sub Clase,Marca,Temporada,Tipo Operacion,Nombre Tipo Operacion,Cod. Ref,Cod. Tipo Documento,Tipo Documento,Nro. Serie,Nro. Documento,Cod. Doc. Final,Nro. Serie Doc. Final,Nro. Doc. Final,Movimiento,Unid. Medida Registro,Cantidad,Factor,Unidad Medida Base,Cantidad Entrada,Costo Entrada,Total Entrada,Cantidad Salida,Costo Salida,Total Salida,Saldo Cantidad,Saldo Costo,Saldo Total,U.M. Sin Convertir,Cantidad Sin Convertir,Cantidad Secundaria Entrada,Cantidad Secundaria Salida,Saldo Cantidad Secundaria,Tipo Existencia,Nombre Existencia,Cod. Centro Costos,Nombre Centro Costos,Cod. Sub Centro Costos,Nombre Sub Centro Costos,Cod. Sub Sub Centro Costos,Nombre Sub Sub Centro Costos,Magen Venta,Numero de Documento Auxiliar,Nombre Auxiliar
INV000281334,INS7_LD04-00068,2025-04-01 05:00:00.000,A15,ALMACEN MANCORA,PD00534,LIMON X KG,,1.0,Kilogramos,FRUTAS Y VERDURAS,VERDURAS,0.0,-,,16.0,Saldo Inicial,,  ,,,,,,,Entrada,KG,1.025,1.0,Kilogramos,1.025,4.384,4.4936,0.0,0.0,0.0,1.025,4.384,4.4936,KG,1.025,0.0,0.0,0.0,1.0,MERCADERÍA,6.0,TIENDA MANCORA,601.0,VENTA MANCORA,60106.0,COSTO DE COMPRA,0.0,,
INV000281422,INS2_LD04-00034,2025-04-01 05:00:00.000,A03,ALMACEN CHALAN GRAU,PD00534,LIMON X KG,,1.0,Kilogramos,FRUTAS Y VERDURAS,VERDURAS,0.0,-,,16.0,Saldo Inicial,,  ,,,,,,,Entrada,KG,1.265,1.0,Kilogramos,1.265,4.384,5.54576,0.0,0.0,0.0,1.265,4.384,5.54576,KG,1.265,0.0,0.0,0.0,1.0,MERCADERÍA,2.0,TIENDA GRAU,201.0,VENTA GRAU,20103.0,COSTO DE COMPRA,0.0,,
INV000281424,INS5_LD04-00129,2025-04-01 05:00:00.000,A06,ALMACEN CHALAN MEGA,PD00534,LIMON X KG,,1.0,Kilogramos,FRUTAS Y VERDURAS,VERDURAS,0.0,-,,16.0,Saldo Inicial,,  ,,,,,,,Entrada,KG,1.3,1.0,Kilogramos,1.3,4.38416,5.699408,0.0,0.0,0.0,1.3,4.38416,5.699408,KG,1.3,0.0,0.0,0.0,1.0,MERCADERÍA,5.0,TIENDA MEGA,501.0,VENTA MEGA,50106.0,COSTO DE COMPRA,0.0,,
INV000281759,INGN_LD04-00894,2025-04-01 05:00:00.000,A02,ALMACEN CHALAN PLAZA,PD00534,LIMON X KG,,1.0,Kilogramos,FRUTAS Y VERDURAS,VERDURAS,0.0,-,,16.0,Saldo Inicial,,  ,,,,,,,Entrada,KG,1.79,1.0,Kilogramos,1.79,4.384,7.84736,0.0,0.0,0.0,7.79,3.8571707317073174,30.04736,KG,1.79,0.0,0.0,0.0,1.0,MERCADERÍA,1.0,TIENDA PLAZA,101.0,VENTA PLAZA,10103.0,COSTO DE COMPRA,0.0,,
INV000283260,INGN_LD04-01057,2025-04-01 05:00:00.000,A02,ALMACEN CHALAN PLAZA,PD00534,LIMON X KG,,1.0,Kilogramos,FRUTAS Y VERDURAS,VERDURAS,0.0,-,,2.0,Compra Nacional,,  ,,,,,,,Entrada,KG,6.0,1.0,Kilogramos,6.0,3.7,22.2,0.0,0.0,0.0,6.0,3.7,22.2,KG,6.0,0.0,0.0,0.0,1.0,MERCADERÍA,1.0,TIENDA PLAZA,101.0,VENTA PLAZA,10103.0,COSTO DE COMPRA,0.0,10474092611.0,VARGASMACHUCA ROJAS TOMAS IQUIQUE
INV000300968,INS6_LD04-00183,2025-04-01 07:00:47.933,A07,ALMACEN FABRICA(INSUMOS),PD00534,LIMON X KG,,1.0,Kilogramos,FRUTAS Y VERDURAS,VERDURAS,0.0,-,,42.0,ENTRADA POR AJUSTE,,  ,,,,,,,Entrada,KG,70.55,1.0,Kilogramos,70.55,4.81,339.3455,0.0,0.0,0.0,70.55,4.8100000000000005,339.3455,KG,70.55,0.0,0.0,0.0,1.0,MERCADERÍA,7.0,FABRICA,704.0,COSTO DE COMPRA,70401.0,COSTO DE COMPRA,0.0,,
INV000296602,INGN_LD04-01749,2025-04-01 08:02:48.297,A02,ALMACEN CHALAN PLAZA,PD00534,LIMON X KG,,1.0,Kilogramos,FRUTAS Y VERDURAS,VERDURAS,0.0,-,,17.0,Otros,,  ,,,,,,,Salida,KG,3.0,1.0,Kilogramos,0.0,0.0,0.0,3.0,3.85717,11.57151,4.79,3.8571711899791232,18.47585,KG,3.0,0.0,0.0,0.0,1.0,MERCADERÍA,1.0,TIENDA PLAZA,101.0,VENTA PLAZA,10103.0,COSTO DE COMPRA,0.0,,
INV000296602,INGN_LD04-01749,2025-04-01 08:02:48.297,A08,ALMACEN REPOSTERIA,PD00534,LIMON X KG,,1.0,Kilogramos,FRUTAS Y VERDURAS,VERDURAS,0.0,-,,17.0,Otros,,  ,,,,,,,Entrada,KG,3.0,1.0,Kilogramos,3.0,3.85717,11.57151,0.0,0.0,0.0,3.0,3.85717,11.57151,KG,3.0,0.0,0.0,0.0,1.0,MERCADERÍA,1.0,TIENDA PLAZA,101.0,VENTA PLAZA,10103.0,COSTO DE COMPRA,0.0,,
INV000297438,INGN_LD04-01759,2025-04-01 08:49:00.000,A08,ALMACEN REPOSTERIA,PD00534,LIMON X KG,,1.0,Kilogramos,FRUTAS Y VERDURAS,VERDURAS,0.0,-,,53.0,P SEMITERM REPOSTERIA,,  ,,,,,,,Salida,KG,0.0012,1.0,Kilogramos,0.0,0.0,0.0,0.0012,3.85717,0.004629,2.9988,3.857169867947179,11.566881,KG,0.0012,0.0,0.0,0.0,1.0,MERCADERÍA,12.0,REPOSTERIA,1201.0,PRODUCCION,120103.0,REPOSTERIA MAT PRIMA Y SUMINIS IND,0.0,,
INV000279705,INGN_LD04-00875,2025-04-01 14:12:01.227,A02,ALMACEN CHALAN PLAZA,PD00534,LIMON X KG,,1.0,Kilogramos,FRUTAS Y VERDURAS,VERDURAS,0.0,-,,52.0,Consumo,,  ,,,,,,,Salida,KG,1.25,1.0,Kilogramos,0.0,0.0,0.0,1.25,3.85717,4.821462,3.54,3.8571714689265537,13.654387,KG,1.25,0.0,0.0,0.0,1.0,MERCADERÍA,1.0,TIENDA PLAZA,101.0,VENTA PLAZA,10106.0,GASTOS ADMINISTRATIVOS,0.0,,
INV000279574,INGN_LD04-00874,2025-04-01 14:34:11.117,A02,ALMACEN CHALAN PLAZA,PD00534,LIMON X KG,,1.0,Kilogramos,FRUTAS Y VERDURAS,VERDURAS,0.0,-,,52.0,Consumo,,  ,,,,,,,Salida,KG,1.15,1.0,Kilogramos,0.0,0.0,0.0,1.15,3.85717,4.435745,2.39,3.857172384937238,9.218642,KG,1.15,0.0,0.0,0.0,1.0,MERCADERÍA,1.0,TIENDA PLAZA,101.0,VENTA PLAZA,10103.0,COSTO DE COMPRA,0.0,,
INV000298744,INGN_LD04-00309,2025-04-01 16:27:00.000,A08,ALMACEN REPOSTERIA,PD00534,LIMON X KG,,1.0,Kilogramos,FRUTAS Y VERDURAS,VERDURAS,0.0,-,,58.0,P TERMINADO REPOSTERIA,,  ,,,,,,,Salida,KG,1.2,1.0,Kilogramos,0.0,0.0,0.0,1.2,3.85717,4.628604,1.7988,3.8571697798532356,6.938277,KG,1.2,0.0,0.0,0.0,1.0,MERCADERÍA,12.0,REPOSTERIA,1201.0,PRODUCCION,120103.0,REPOSTERIA MAT PRIMA Y SUMINIS IND,0.0,,
INV000283599,INS6_LD04-00058,2025-04-02 05:00:00.000,A07,ALMACEN FABRICA(INSUMOS),PD00534,LIMON X KG,,1.0,Kilogramos,FRUTAS Y VERDURAS,VERDURAS,0.0,-,,2.0,Compra Nacional,,  ,,,,,,,Entrada,KG,50.0,1.0,Kilogramos,50.0,4.8,240.0,0.0,0.0,0.0,120.55,4.805852343425965,579.3455,KG,50.0,0.0,0.0,0.0,1.0,MERCADERÍA,7.0,FABRICA,704.0,COSTO DE COMPRA,70401.0,COSTO DE COMPRA,0.0,20612502863.0,ORANGE PERUVIAN EMPRESA INDIVIDUAL DE RESPONSABILIDAD LIMITADA
INV000284000,INGN_LD04-01252,2025-04-02 05:00:00.000,A02,ALMACEN CHALAN PLAZA,PD00534,LIMON X KG,,1.0,Kilogramos,FRUTAS Y VERDURAS,VERDURAS,0.0,-,,2.0,Compra Nacional,,  ,,,,,,,Entrada,KG,2.0,1.0,Kilogramos,2.0,3.7,7.4,0.0,0.0,0.0,4.39,3.7855676537585428,16.618642,KG,2.0,0.0,0.0,0.0,1.0,MERCADERÍA,1.0,TIENDA PLAZA,101.0,VENTA PLAZA,10103.0,COSTO DE COMPRA,0.0,10474092611.0,VARGASMACHUCA ROJAS TOMAS IQUIQUE
INV000284003,INS2_LD04-00175,2025-04-02 05:00:00.000,A03,ALMACEN CHALAN GRAU,PD00534,LIMON X KG,,1.0,Kilogramos,FRUTAS Y VERDURAS,VERDURAS,0.0,-,,2.0,Compra Nacional,,  ,,,,,,,Entrada,KG,1.0,1.0,Kilogramos,1.0,3.7,3.7,0.0,0.0,0.0,2.265,4.082013245033113,9.24576,KG,1.0,0.0,0.0,0.0,1.0,MERCADERÍA,2.0,TIENDA GRAU,201.0,VENTA GRAU,20103.0,COSTO DE COMPRA,0.0,10474092611.0,VARGASMACHUCA ROJAS TOMAS IQUIQUE
INV000297162,INPR_LD04-00178,2025-04-02 08:00:00.000,A07,ALMACEN FABRICA(INSUMOS),PD00534,LIMON X KG,,1.0,Kilogramos,FRUTAS Y VERDURAS,VERDURAS,0.0,-,,60.0,P SEMITERM CREMOLADAS,,  ,,,,,,,Salida,KG,38.4,1.0,Kilogramos,0.0,0.0,0.0,38.4,4.805852,184.544717,82.15,4.805852501521607,394.800783,KG,38.4,0.0,0.0,0.0,1.0,MERCADERÍA,7.0,FABRICA,701.0,CREMOLADAS,70106.0,COSTO DE COMPRAS,0.0,,
INV000298008,INGN_LD04-00291,2025-04-02 08:10:00.000,A08,ALMACEN REPOSTERIA,PD00534,LIMON X KG,,1.0,Kilogramos,FRUTAS Y VERDURAS,VERDURAS,0.0,-,,53.0,P SEMITERM REPOSTERIA,,  ,,,,,,,Salida,KG,0.002,1.0,Kilogramos,0.0,0.0,0.0,0.002,3.85717,0.007714,1.7968,3.857169968833482,6.930563,KG,0.002,0.0,0.0,0.0,1.0,MERCADERÍA,12.0,REPOSTERIA,1201.0,PRODUCCION,120108.0,COSTO COMPRA,0.0,,
INV000303997,INPR_LD04-00959,2025-04-02 11:30:00.000,A07,ALMACEN FABRICA(INSUMOS),PD00534,LIMON X KG,,1.0,Kilogramos,FRUTAS Y VERDURAS,VERDURAS,0.0,-,,56.0,P TERMINADO HELADOS,,  ,,,,,,,Salida,KG,12.562,1.0,Kilogramos,0.0,0.0,0.0,12.562,4.805852,60.371113,69.588,4.80585258952693,334.42967,,,0.0,0.0,0.0,1.0,MERCADERÍA,7.0,FABRICA,702.0,HELADOS,70206.0,COSTO DE COMPRA,0.0,,
INV000279708,INGN_LD04-00876,2025-04-02 14:19:14.600,A02,ALMACEN CHALAN PLAZA,PD00534,LIMON X KG,,1.0,Kilogramos,FRUTAS Y VERDURAS,VERDURAS,0.0,-,,52.0,Consumo,,  ,,,,,,,Salida,KG,1.125,1.0,Kilogramos,0.0,0.0,0.0,1.125,3.785567,4.258763,3.265,3.7855678407350686,12.359879,KG,1.125,0.0,0.0,0.0,1.0,MERCADERÍA,1.0,TIENDA PLAZA,101.0,VENTA PLAZA,10106.0,GASTOS ADMINISTRATIVOS,0.0,,
INV000296606,INGN_LD04-01750,2025-04-02 15:08:19.347,A02,ALMACEN CHALAN PLAZA,PD00534,LIMON X KG,,1.0,Kilogramos,FRUTAS Y VERDURAS,VERDURAS,0.0,-,,17.0,Otros,,  ,,,,,,,Salida,KG,3.0,1.0,Kilogramos,0.0,0.0,0.0,3.0,3.785567,11.356701,0.265,3.7855773584905656,1.003178,KG,3.0,0.0,0.0,0.0,1.0,MERCADERÍA,1.0,TIENDA PLAZA,101.0,VENTA PLAZA,10103.0,COSTO DE COMPRA,0.0,,
INV000296606,INGN_LD04-01750,2025-04-02 15:08:19.347,A08,ALMACEN REPOSTERIA,PD00534,LIMON X KG,,1.0,Kilogramos,FRUTAS Y VERDURAS,VERDURAS,0.0,-,,17.0,Otros,,  ,,,,,,,Entrada,KG,3.0,1.0,Kilogramos,3.0,3.785567,11.356701,0.0,0.0,0.0,4.7968,3.812388258839226,18.287264,KG,3.0,0.0,0.0,0.0,1.0,MERCADERÍA,1.0,TIENDA PLAZA,101.0,VENTA PLAZA,10103.0,COSTO DE COMPRA,0.0,,
INV000283602,INS6_LD04-00061,2025-04-03 05:00:00.000,A07,ALMACEN FABRICA(INSUMOS),PD00534,LIMON X KG,,1.0,Kilogramos,FRUTAS Y VERDURAS,VERDURAS,0.0,-,,2.0,Compra Nacional,,  ,,,,,,,Entrada,KG,10.0,1.0,Kilogramos,10.0,4.8,48.0,0.0,0.0,0.0,79.588,4.8051172287279496,382.42967,KG,10.0,0.0,0.0,0.0,1.0,MERCADERÍA,7.0,FABRICA,704.0,COSTO DE COMPRA,70401.0,COSTO DE COMPRA,0.0,20612502863.0,ORANGE PERUVIAN EMPRESA INDIVIDUAL DE RESPONSABILIDAD LIMITADA
INV000283997,INGN_LD04-01251,2025-04-03 05:00:00.000,A02,ALMACEN CHALAN PLAZA,PD00534,LIMON X KG,,1.0,Kilogramos,FRUTAS Y VERDURAS,VERDURAS,0.0,-,,2.0,Compra Nacional,,  ,,,,,,,Entrada,KG,4.0,1.0,Kilogramos,4.0,3.7,14.8,0.0,0.0,0.0,4.265,3.705317233294256,15.803178,KG,4.0,0.0,0.0,0.0,1.0,MERCADERÍA,1.0,TIENDA PLAZA,101.0,VENTA PLAZA,10103.0,COSTO DE COMPRA,0.0,10474092611.0,VARGASMACHUCA ROJAS TOMAS IQUIQUE
INV000283998,INS2_LD04-00174,2025-04-03 05:00:00.000,A03,ALMACEN CHALAN GRAU,PD00534,LIMON X KG,,1.0,Kilogramos,FRUTAS Y VERDURAS,VERDURAS,0.0,-,,2.0,Compra Nacional,,  ,,,,,,,Entrada,KG,1.0,1.0,Kilogramos,1.0,3.7,3.7,0.0,0.0,0.0,3.265,3.965010719754977,12.94576,KG,1.0,0.0,0.0,0.0,1.0,MERCADERÍA,2.0,TIENDA GRAU,201.0,VENTA GRAU,20103.0,COSTO DE COMPRA,0.0,10474092611.0,VARGASMACHUCA ROJAS TOMAS IQUIQUE
INV000283999,INS5_LD04-00200,2025-04-03 05:00:00.000,A06,ALMACEN CHALAN MEGA,PD00534,LIMON X KG,,1.0,Kilogramos,FRUTAS Y VERDURAS,VERDURAS,0.0,-,,2.0,Compra Nacional,,  ,,,,,,,Entrada,KG,1.0,1.0,Kilogramos,1.0,3.7,3.7,0.0,0.0,0.0,2.3,4.086699130434782,9.399408,KG,1.0,0.0,0.0,0.0,1.0,MERCADERÍA,5.0,TIENDA MEGA,501.0,VENTA MEGA,50106.0,COSTO DE COMPRA,0.0,10474092611.0,VARGASMACHUCA ROJAS TOMAS IQUIQUE
INV000297383,INPR_LD04-00310,2025-04-03 08:20:00.000,A07,ALMACEN FABRICA(INSUMOS),PD00534,LIMON X KG,,1.0,Kilogramos,FRUTAS Y VERDURAS,VERDURAS,0.0,-,,60.0,P SEMITERM CREMOLADAS,,  ,,,,,,,Salida,KG,5.5,1.0,Kilogramos,0.0,0.0,0.0,5.5,4.805217,26.428693,74.088,4.805109828852176,356.000977,KG,5.5,0.0,0.0,0.0,1.0,MERCADERÍA,7.0,FABRICA,701.0,CREMOLADAS,70106.0,COSTO DE COMPRAS,0.0,,
INV000297439,INGN_LD04-01760,2025-04-03 08:29:00.000,A08,ALMACEN REPOSTERIA,PD00534,LIMON X KG,,1.0,Kilogramos,FRUTAS Y VERDURAS,VERDURAS,0.0,-,,53.0,P SEMITERM REPOSTERIA,,  ,,,,,,,Salida,KG,0.0012,1.0,Kilogramos,0.0,0.0,0.0,0.0012,3.812388,0.004575,4.7956,3.8123882308783053,18.282689,KG,0.0012,0.0,0.0,0.0,1.0,MERCADERÍA,12.0,REPOSTERIA,1201.0,PRODUCCION,120103.0,REPOSTERIA MAT PRIMA Y SUMINIS IND,0.0,,
INV000298772,INGN_LD04-00336,2025-04-03 12:38:00.000,A08,ALMACEN REPOSTERIA,PD00534,LIMON X KG,,1.0,Kilogramos,FRUTAS Y VERDURAS,VERDURAS,0.0,-,,58.0,P TERMINADO REPOSTERIA,,  ,,,,,,,Salida,KG,1.2,1.0,Kilogramos,0.0,0.0,0.0,1.2,3.812388,4.574866,3.5956,3.8123884748025363,13.707824,KG,1.2,0.0,0.0,0.0,1.0,MERCADERÍA,12.0,REPOSTERIA,1201.0,PRODUCCION,120103.0,REPOSTERIA MAT PRIMA Y SUMINIS IND,0.0,,
INV000283607,INS6_LD04-00066,2025-04-04 05:00:00.000,A07,ALMACEN FABRICA(INSUMOS),PD00534,LIMON X KG,,1.0,Kilogramos,FRUTAS Y VERDURAS,VERDURAS,0.0,-,,2.0,Compra Nacional,,  ,,,,,,,Entrada,KG,30.0,1.0,Kilogramos,30.0,4.8,144.0,0.0,0.0,0.0,104.088,4.803637085927292,500.000977,KG,30.0,0.0,0.0,0.0,1.0,MERCADERÍA,7.0,FABRICA,704.0,COSTO DE COMPRA,70401.0,COSTO DE COMPRA,0.0,20612502863.0,ORANGE PERUVIAN EMPRESA INDIVIDUAL DE RESPONSABILIDAD LIMITADA
INV000283901,INGN_LD04-01249,2025-04-04 05:00:00.000,A02,ALMACEN CHALAN PLAZA,PD00534,LIMON X KG,,1.0,Kilogramos,FRUTAS Y VERDURAS,VERDURAS,0.0,-,,2.0,Compra Nacional,,  ,,,,,,,Entrada,KG,5.0,1.0,Kilogramos,5.0,3.7,18.5,0.0,0.0,0.0,9.265,3.7024477064220185,34.303178,KG,5.0,0.0,0.0,0.0,1.0,MERCADERÍA,1.0,TIENDA PLAZA,101.0,VENTA PLAZA,10103.0,COSTO DE COMPRA,0.0,10474092611.0,VARGASMACHUCA ROJAS TOMAS IQUIQUE
INV000283903,INS2_LD04-00172,2025-04-04 05:00:00.000,A03,ALMACEN CHALAN GRAU,PD00534,LIMON X KG,,1.0,Kilogramos,FRUTAS Y VERDURAS,VERDURAS,0.0,-,,2.0,Compra Nacional,,  ,,,,,,,Entrada,KG,1.0,1.0,Kilogramos,1.0,3.7,3.7,0.0,0.0,0.0,4.265,3.9028745603751465,16.64576,KG,1.0,0.0,0.0,0.0,1.0,MERCADERÍA,2.0,TIENDA GRAU,201.0,VENTA GRAU,20103.0,COSTO DE COMPRA,0.0,10474092611.0,VARGASMACHUCA ROJAS TOMAS IQUIQUE
INV000297387,INPR_LD04-00314,2025-04-04 08:00:00.000,A07,ALMACEN FABRICA(INSUMOS),PD00534,LIMON X KG,,1.0,Kilogramos,FRUTAS Y VERDURAS,VERDURAS,0.0,-,,60.0,P SEMITERM CREMOLADAS,,  ,,,,,,,Salida,KG,28.8,1.0,Kilogramos,0.0,0.0,0.0,28.8,4.803875,138.3516,75.288,4.803546076399958,361.649377,KG,28.8,0.0,0.0,0.0,1.0,MERCADERÍA,7.0,FABRICA,701.0,CREMOLADAS,70106.0,COSTO DE COMPRAS,0.0,,
INV000297386,INPR_LD04-00313,2025-04-04 08:10:00.000,A07,ALMACEN FABRICA(INSUMOS),PD00534,LIMON X KG,,1.0,Kilogramos,FRUTAS Y VERDURAS,VERDURAS,0.0,-,,60.0,P SEMITERM CREMOLADAS,,  ,,,,,,,Salida,KG,5.5,1.0,Kilogramos,0.0,0.0,0.0,5.5,4.803875,26.421312,69.788,4.803520146730097,335.228064,KG,5.5,0.0,0.0,0.0,1.0,MERCADERÍA,7.0,FABRICA,701.0,CREMOLADAS,70106.0,COSTO DE COMPRAS,0.0,,
INV000297443,INGN_LD04-01762,2025-04-04 08:14:00.000,A08,ALMACEN REPOSTERIA,PD00534,LIMON X KG,,1.0,Kilogramos,FRUTAS Y VERDURAS,VERDURAS,0.0,-,,53.0,P SEMITERM REPOSTERIA,,  ,,,,,,,Salida,KG,0.0016,1.0,Kilogramos,0.0,0.0,0.0,0.0016,3.812388,0.0061,3.594,3.812388425153033,13.701724,KG,0.0016,0.0,0.0,0.0,1.0,MERCADERÍA,12.0,REPOSTERIA,1201.0,PRODUCCION,120103.0,REPOSTERIA MAT PRIMA Y SUMINIS IND,0.0,,
INV000294245,INS7_LD04-00112,2025-04-04 11:18:00.000,A15,ALMACEN MANCORA,PD00534,LIMON X KG,,1.0,Kilogramos,FRUTAS Y VERDURAS,VERDURAS,0.0,-,,2.0,Compra Nacional,,  ,,,,,,,Entrada,KG,3.0,1.0,Kilogramos,3.0,3.7,11.1,0.0,0.0,0.0,4.025,3.8741863354037265,15.5936,KG,3.0,0.0,0.0,0.0,1.0,MERCADERÍA,6.0,TIENDA MANCORA,601.0,VENTA MANCORA,60106.0,COSTO DE COMPRA,0.0,10474092611.0,VARGASMACHUCA ROJAS TOMAS IQUIQUE
INV000298788,INGN_LD04-00352,2025-04-04 13:07:00.000,A08,ALMACEN REPOSTERIA,PD00534,LIMON X KG,,1.0,Kilogramos,FRUTAS Y VERDURAS,VERDURAS,0.0,-,,58.0,P TERMINADO REPOSTERIA,,  ,,,,,,,Salida,KG,1.6,1.0,Kilogramos,0.0,0.0,0.0,1.6,3.812388,6.099821,1.994,3.812388665997994,7.601903,KG,1.6,0.0,0.0,0.0,1.0,MERCADERÍA,12.0,REPOSTERIA,1201.0,PRODUCCION,120103.0,REPOSTERIA MAT PRIMA Y SUMINIS IND,0.0,,
INV000287255,INS2_LD04-00212,2025-04-05 05:00:01.000,A03,ALMACEN CHALAN GRAU,PD00534,LIMON X KG,,1.0,Kilogramos,FRUTAS Y VERDURAS,VERDURAS,0.0,-,,2.0,Compra Nacional,,  ,,,,,,,Entrada,KG,4.0,1.0,Kilogramos,4.0,3.7,14.8,0.0,0.0,0.0,8.265,3.8046896551724134,31.44576,KG,4.0,0.0,0.0,0.0,1.0,MERCADERÍA,2.0,TIENDA GRAU,201.0,VENTA GRAU,20103.0,COSTO DE COMPRA,0.0,10474092611.0,VARGASMACHUCA ROJAS TOMAS IQUIQUE
INV000297445,INGN_LD04-01764,2025-04-05 08:40:00.000,A08,ALMACEN REPOSTERIA,PD00534,LIMON X KG,,1.0,Kilogramos,FRUTAS Y VERDURAS,VERDURAS,0.0,-,,53.0,P SEMITERM REPOSTERIA,,  ,,,,,,,Salida,KG,0.0008,1.0,Kilogramos,0.0,0.0,0.0,0.0008,3.812388,0.00305,1.9932,3.8123886213124623,7.598853,KG,0.0008,0.0,0.0,0.0,1.0,MERCADERÍA,12.0,REPOSTERIA,1201.0,PRODUCCION,120103.0,REPOSTERIA MAT PRIMA Y SUMINIS IND,0.0,,
INV000297448,INGN_LD04-01766,2025-04-05 08:44:00.000,A08,ALMACEN REPOSTERIA,PD00534,LIMON X KG,,1.0,Kilogramos,FRUTAS Y VERDURAS,VERDURAS,0.0,-,,53.0,P SEMITERM REPOSTERIA,,  ,,,,,,,Salida,KG,0.0006,1.0,Kilogramos,0.0,0.0,0.0,0.0006,3.812388,0.002287,1.9926,3.812388838703202,7.596566,KG,0.0006,0.0,0.0,0.0,1.0,MERCADERÍA,12.0,REPOSTERIA,1201.0,PRODUCCION,120103.0,REPOSTERIA MAT PRIMA Y SUMINIS IND,0.0,,
INV000291773,INGN_LD04-01472,2025-04-05 12:19:00.000,A02,ALMACEN CHALAN PLAZA,PD00534,LIMON X KG,,1.0,Kilogramos,FRUTAS Y VERDURAS,VERDURAS,0.0,-,,2.0,Compra Nacional,,  ,,,,,,,Entrada,KG,4.0,1.0,Kilogramos,4.0,3.7,14.8,0.0,0.0,0.0,13.265,3.701709611760271,49.103178,KG,4.0,0.0,0.0,0.0,1.0,MERCADERÍA,1.0,TIENDA PLAZA,101.0,VENTA PLAZA,10103.0,COSTO DE COMPRA,0.0,10474092611.0,VARGASMACHUCA ROJAS TOMAS IQUIQUE
INV000287256,INS5_LD04-00237,2025-04-05 12:19:01.000,A06,ALMACEN CHALAN MEGA,PD00534,LIMON X KG,,1.0,Kilogramos,FRUTAS Y VERDURAS,VERDURAS,0.0,-,,2.0,Compra Nacional,,  ,,,,,,,Entrada,KG,2.0,1.0,Kilogramos,2.0,3.7,7.4,0.0,0.0,0.0,4.3,3.9068390697674418,16.799408,KG,2.0,0.0,0.0,0.0,1.0,MERCADERÍA,5.0,TIENDA MEGA,501.0,VENTA MEGA,50106.0,COSTO DE COMPRA,0.0,10474092611.0,VARGASMACHUCA ROJAS TOMAS IQUIQUE
INV000298807,INGN_LD04-00371,2025-04-05 13:43:00.000,A08,ALMACEN REPOSTERIA,PD00534,LIMON X KG,,1.0,Kilogramos,FRUTAS Y VERDURAS,VERDURAS,0.0,-,,58.0,P TERMINADO REPOSTERIA,,  ,,,,,,,Salida,KG,1.6,1.0,Kilogramos,0.0,0.0,0.0,1.6,3.812388,6.099821,0.3926,3.812391747325522,1.496745,KG,1.6,0.0,0.0,0.0,1.0,MERCADERÍA,12.0,REPOSTERIA,1201.0,PRODUCCION,120103.0,REPOSTERIA MAT PRIMA Y SUMINIS IND,0.0,,
INV000296608,INGN_LD04-01751,2025-04-05 15:09:52.170,A02,ALMACEN CHALAN PLAZA,PD00534,LIMON X KG,,1.0,Kilogramos,FRUTAS Y VERDURAS,VERDURAS,0.0,-,,17.0,Otros,,  ,,,,,,,Salida,KG,10.0,1.0,Kilogramos,0.0,0.0,0.0,10.0,3.701709,37.01709,3.265,3.701711485451761,12.086088,KG,10.0,0.0,0.0,0.0,1.0,MERCADERÍA,1.0,TIENDA PLAZA,101.0,VENTA PLAZA,10103.0,COSTO DE COMPRA,0.0,,
INV000296608,INGN_LD04-01751,2025-04-05 15:09:52.170,A08,ALMACEN REPOSTERIA,PD00534,LIMON X KG,,1.0,Kilogramos,FRUTAS Y VERDURAS,VERDURAS,0.0,-,,17.0,Otros,,  ,,,,,,,Entrada,KG,10.0,1.0,Kilogramos,10.0,3.701709,37.01709,0.0,0.0,0.0,10.3926,3.705890248830899,38.513835,KG,10.0,0.0,0.0,0.0,1.0,MERCADERÍA,1.0,TIENDA PLAZA,101.0,VENTA PLAZA,10103.0,COSTO DE COMPRA,0.0,,
INV000297450,INGN_LD04-01768,2025-04-06 08:58:00.000,A08,ALMACEN REPOSTERIA,PD00534,LIMON X KG,,1.0,Kilogramos,FRUTAS Y VERDURAS,VERDURAS,0.0,-,,53.0,P SEMITERM REPOSTERIA,,  ,,,,,,,Salida,KG,0.0016,1.0,Kilogramos,0.0,0.0,0.0,0.0016,3.70589,0.005929,10.391,3.7058901934366277,38.507905,KG,0.0016,0.0,0.0,0.0,1.0,MERCADERÍA,12.0,REPOSTERIA,1201.0,PRODUCCION,120103.0,REPOSTERIA MAT PRIMA Y SUMINIS IND,0.0,,
INV000298826,INGN_LD04-00390,2025-04-06 14:04:00.000,A08,ALMACEN REPOSTERIA,PD00534,LIMON X KG,,1.0,Kilogramos,FRUTAS Y VERDURAS,VERDURAS,0.0,-,,58.0,P TERMINADO REPOSTERIA,,  ,,,,,,,Salida,KG,1.6,1.0,Kilogramos,0.0,0.0,0.0,1.6,3.70589,5.929424,8.791,3.7058902286429296,32.578481,KG,1.6,0.0,0.0,0.0,1.0,MERCADERÍA,12.0,REPOSTERIA,1201.0,PRODUCCION,120103.0,REPOSTERIA MAT PRIMA Y SUMINIS IND,0.0,,
INV000298839,INGN_LD04-00403,2025-04-06 18:59:00.000,A08,ALMACEN REPOSTERIA,PD00534,LIMON X KG,,1.0,Kilogramos,FRUTAS Y VERDURAS,VERDURAS,0.0,-,,58.0,P TERMINADO REPOSTERIA,,  ,,,,,,,Salida,KG,1.6,1.0,Kilogramos,0.0,0.0,0.0,1.6,3.70589,5.929424,7.191,3.7058902795160615,26.649057,KG,1.6,0.0,0.0,0.0,1.0,MERCADERÍA,12.0,REPOSTERIA,1201.0,PRODUCCION,120103.0,REPOSTERIA MAT PRIMA Y SUMINIS IND,0.0,,
INV000283609,INS6_LD04-00068,2025-04-07 05:00:00.000,A07,ALMACEN FABRICA(INSUMOS),PD00534,LIMON X KG,,1.0,Kilogramos,FRUTAS Y VERDURAS,VERDURAS,0.0,-,,2.0,Compra Nacional,,  ,,,,,,,Entrada,KG,1.0,1.0,Kilogramos,1.0,3.7,3.7,0.0,0.0,0.0,70.788,4.78793106176188,338.928064,KG,1.0,0.0,0.0,0.0,1.0,MERCADERÍA,7.0,FABRICA,703.0,ADMINISTRATIVOS,70301.0,ADMINISTRATIVOS,0.0,10474092611.0,VARGASMACHUCA ROJAS TOMAS IQUIQUE
INV000283610,INS6_LD04-00069,2025-04-07 05:00:00.000,A07,ALMACEN FABRICA(INSUMOS),PD00534,LIMON X KG,,1.0,Kilogramos,FRUTAS Y VERDURAS,VERDURAS,0.0,-,,2.0,Compra Nacional,,  ,,,,,,,Entrada,KG,20.0,1.0,Kilogramos,20.0,4.8,96.0,0.0,0.0,0.0,90.788,4.790589769573072,434.928064,KG,20.0,0.0,0.0,0.0,1.0,MERCADERÍA,7.0,FABRICA,704.0,COSTO DE COMPRA,70401.0,COSTO DE COMPRA,0.0,20612502863.0,ORANGE PERUVIAN EMPRESA INDIVIDUAL DE RESPONSABILIDAD LIMITADA
INV000284234,INGN_LD04-01357,2025-04-07 05:00:00.000,A02,ALMACEN CHALAN PLAZA,PD00534,LIMON X KG,,1.0,Kilogramos,FRUTAS Y VERDURAS,VERDURAS,0.0,-,,2.0,Compra Nacional,,  ,,,,,,,Entrada,KG,4.0,1.0,Kilogramos,4.0,3.7,14.8,0.0,0.0,0.0,7.265,3.700769167240193,26.886088,KG,4.0,0.0,0.0,0.0,1.0,MERCADERÍA,1.0,TIENDA PLAZA,101.0,VENTA PLAZA,10103.0,COSTO DE COMPRA,0.0,10474092611.0,VARGASMACHUCA ROJAS TOMAS IQUIQUE
INV000297388,INPR_LD04-00315,2025-04-07 08:10:00.000,A07,ALMACEN FABRICA(INSUMOS),PD00534,LIMON X KG,,1.0,Kilogramos,FRUTAS Y VERDURAS,VERDURAS,0.0,-,,60.0,P SEMITERM CREMOLADAS,,  ,,,,,,,Salida,KG,11.0,1.0,Kilogramos,0.0,0.0,0.0,11.0,4.792444,52.716884,79.788,4.790334135458966,382.21118,KG,11.0,0.0,0.0,0.0,1.0,MERCADERÍA,7.0,FABRICA,701.0,CREMOLADAS,70106.0,COSTO DE COMPRAS,0.0,,
INV000298856,INGN_LD04-00420,2025-04-07 10:31:00.000,A08,ALMACEN REPOSTERIA,PD00534,LIMON X KG,,1.0,Kilogramos,FRUTAS Y VERDURAS,VERDURAS,0.0,-,,58.0,P TERMINADO REPOSTERIA,,  ,,,,,,,Salida,KG,1.2,1.0,Kilogramos,0.0,0.0,0.0,1.2,3.70589,4.447068,5.991,3.705890335503255,22.201989,KG,1.2,0.0,0.0,0.0,1.0,MERCADERÍA,12.0,REPOSTERIA,1201.0,PRODUCCION,120103.0,REPOSTERIA MAT PRIMA Y SUMINIS IND,0.0,,
INV000279723,INGN_LD04-00881,2025-04-07 15:11:57.200,A02,ALMACEN CHALAN PLAZA,PD00534,LIMON X KG,,1.0,Kilogramos,FRUTAS Y VERDURAS,VERDURAS,0.0,-,,52.0,Consumo,,  ,,,,,,,Salida,KG,1.35,1.0,Kilogramos,0.0,0.0,0.0,1.35,3.700769,4.996038,5.915,3.7007692307692306,21.89005,KG,1.35,0.0,0.0,0.0,1.0,MERCADERÍA,1.0,TIENDA PLAZA,101.0,VENTA PLAZA,10106.0,GASTOS ADMINISTRATIVOS,0.0,,
INV000283614,INS6_LD04-00073,2025-04-08 05:00:00.000,A07,ALMACEN FABRICA(INSUMOS),PD00534,LIMON X KG,,1.0,Kilogramos,FRUTAS Y VERDURAS,VERDURAS,0.0,-,,2.0,Compra Nacional,,  ,,,,,,,Entrada,KG,50.0,1.0,Kilogramos,50.0,4.8,240.0,0.0,0.0,0.0,129.788,4.794057848183191,622.21118,KG,50.0,0.0,0.0,0.0,1.0,MERCADERÍA,7.0,FABRICA,704.0,COSTO DE COMPRA,70401.0,COSTO DE COMPRA,0.0,20612502863.0,ORANGE PERUVIAN EMPRESA INDIVIDUAL DE RESPONSABILIDAD LIMITADA
INV000284229,INGN_LD04-01356,2025-04-08 05:00:00.000,A02,ALMACEN CHALAN PLAZA,PD00534,LIMON X KG,,1.0,Kilogramos,FRUTAS Y VERDURAS,VERDURAS,0.0,-,,2.0,Compra Nacional,,  ,,,,,,,Entrada,KG,5.0,1.0,Kilogramos,5.0,3.7,18.5,0.0,0.0,0.0,10.915,3.7004168575355023,40.39005,KG,5.0,0.0,0.0,0.0,1.0,MERCADERÍA,1.0,TIENDA PLAZA,101.0,VENTA PLAZA,10103.0,COSTO DE COMPRA,0.0,10474092611.0,VARGASMACHUCA ROJAS TOMAS IQUIQUE
INV000284231,INS2_LD04-00202,2025-04-08 05:00:00.000,A03,ALMACEN CHALAN GRAU,PD00534,LIMON X KG,,1.0,Kilogramos,FRUTAS Y VERDURAS,VERDURAS,0.0,-,,2.0,Compra Nacional,,  ,,,,,,,Entrada,KG,2.0,1.0,Kilogramos,2.0,3.7,7.4,0.0,0.0,0.0,10.265,3.7842922552362395,38.84576,KG,2.0,0.0,0.0,0.0,1.0,MERCADERÍA,2.0,TIENDA GRAU,201.0,VENTA GRAU,20103.0,COSTO DE COMPRA,0.0,10474092611.0,VARGASMACHUCA ROJAS TOMAS IQUIQUE
INV000284232,INS5_LD04-00226,2025-04-08 05:00:00.000,A06,ALMACEN CHALAN MEGA,PD00534,LIMON X KG,,1.0,Kilogramos,FRUTAS Y VERDURAS,VERDURAS,0.0,-,,2.0,Compra Nacional,,  ,,,,,,,Entrada,KG,1.0,1.0,Kilogramos,1.0,3.7,3.7,0.0,0.0,0.0,5.3,3.8678128301886794,20.499408,KG,1.0,0.0,0.0,0.0,1.0,MERCADERÍA,5.0,TIENDA MEGA,501.0,VENTA MEGA,50106.0,COSTO DE COMPRA,0.0,10474092611.0,VARGASMACHUCA ROJAS TOMAS IQUIQUE
INV000297182,INPR_LD04-00198,2025-04-08 08:00:00.000,A07,ALMACEN FABRICA(INSUMOS),PD00534,LIMON X KG,,1.0,Kilogramos,FRUTAS Y VERDURAS,VERDURAS,0.0,-,,60.0,P SEMITERM CREMOLADAS,,  ,,,,,,,Salida,KG,32.0,1.0,Kilogramos,0.0,0.0,0.0,32.0,4.795098,153.443136,97.788,4.793717470446271,468.768044,KG,32.0,0.0,0.0,0.0,1.0,MERCADERÍA,7.0,FABRICA,701.0,CREMOLADAS,70106.0,COSTO DE COMPRAS,0.0,,
INV000297455,INGN_LD04-01773,2025-04-08 08:49:00.000,A08,ALMACEN REPOSTERIA,PD00534,LIMON X KG,,1.0,Kilogramos,FRUTAS Y VERDURAS,VERDURAS,0.0,-,,53.0,P SEMITERM REPOSTERIA,,  ,,,,,,,Salida,KG,0.0008,1.0,Kilogramos,0.0,0.0,0.0,0.0008,3.70589,0.002965,5.9902,3.705890454408868,22.199025,KG,0.0008,0.0,0.0,0.0,1.0,MERCADERÍA,12.0,REPOSTERIA,1201.0,PRODUCCION,120103.0,REPOSTERIA MAT PRIMA Y SUMINIS IND,0.0,,
INV000297458,INGN_LD04-01776,2025-04-08 08:57:00.000,A08,ALMACEN REPOSTERIA,PD00534,LIMON X KG,,1.0,Kilogramos,FRUTAS Y VERDURAS,VERDURAS,0.0,-,,53.0,P SEMITERM REPOSTERIA,,  ,,,,,,,Salida,KG,0.0006,1.0,Kilogramos,0.0,0.0,0.0,0.0006,3.70589,0.002224,5.9896,3.705890376652865,22.196801,KG,0.0006,0.0,0.0,0.0,1.0,MERCADERÍA,12.0,REPOSTERIA,1201.0,PRODUCCION,120103.0,REPOSTERIA MAT PRIMA Y SUMINIS IND,0.0,,
INV000298875,INGN_LD04-00439,2025-04-08 12:38:00.000,A08,ALMACEN REPOSTERIA,PD00534,LIMON X KG,,1.0,Kilogramos,FRUTAS Y VERDURAS,VERDURAS,0.0,-,,58.0,P TERMINADO REPOSTERIA,,  ,,,,,,,Salida,KG,1.2,1.0,Kilogramos,0.0,0.0,0.0,1.2,3.70589,4.447068,4.7896,3.7058904710205445,17.749733,KG,1.2,0.0,0.0,0.0,1.0,MERCADERÍA,12.0,REPOSTERIA,1201.0,PRODUCCION,120103.0,REPOSTERIA MAT PRIMA Y SUMINIS IND,0.0,,
INV000279725,INGN_LD04-00882,2025-04-08 15:19:53.990,A02,ALMACEN CHALAN PLAZA,PD00534,LIMON X KG,,1.0,Kilogramos,FRUTAS Y VERDURAS,VERDURAS,0.0,-,,52.0,Consumo,,  ,,,,,,,Salida,KG,1.125,1.0,Kilogramos,0.0,0.0,0.0,1.125,3.700416,4.162968,9.79,3.700416956077631,36.227082,KG,1.125,0.0,0.0,0.0,1.0,MERCADERÍA,1.0,TIENDA PLAZA,101.0,VENTA PLAZA,10106.0,GASTOS ADMINISTRATIVOS,0.0,,
INV000293961,INS7_LD04-00091,2025-04-08 22:43:06.000,A15,ALMACEN MANCORA,PD00534,LIMON X KG,,1.0,Kilogramos,FRUTAS Y VERDURAS,VERDURAS,0.0,-,,2.0,Compra Nacional,,  ,,,,,,,Entrada,KG,1.0,1.0,Kilogramos,1.0,2.0,2.0,0.0,0.0,0.0,5.025,3.5012139303482583,17.5936,KG,1.0,0.0,0.0,0.0,1.0,MERCADERÍA,6.0,TIENDA MANCORA,601.0,VENTA MANCORA,60106.0,COSTO DE COMPRA,0.0,10456412390.0,MORENO FLORES JOSE LUIS
INV000283616,INS6_LD04-00075,2025-04-09 05:00:00.000,A07,ALMACEN FABRICA(INSUMOS),PD00534,LIMON X KG,,1.0,Kilogramos,FRUTAS Y VERDURAS,VERDURAS,0.0,-,,2.0,Compra Nacional,,  ,,,,,,,Entrada,KG,30.0,1.0,Kilogramos,30.0,4.8,144.0,0.0,0.0,0.0,127.788,4.795192381131249,612.768044,KG,30.0,0.0,0.0,0.0,1.0,MERCADERÍA,7.0,FABRICA,704.0,COSTO DE COMPRA,70401.0,COSTO DE COMPRA,0.0,20612502863.0,ORANGE PERUVIAN EMPRESA INDIVIDUAL DE RESPONSABILIDAD LIMITADA
INV000284223,INGN_LD04-01354,2025-04-09 05:00:00.000,A02,ALMACEN CHALAN PLAZA,PD00534,LIMON X KG,,1.0,Kilogramos,FRUTAS Y VERDURAS,VERDURAS,0.0,-,,2.0,Compra Nacional,,  ,,,,,,,Entrada,KG,3.0,1.0,Kilogramos,3.0,3.7,11.1,0.0,0.0,0.0,12.79,3.700319155590305,47.327082,KG,3.0,0.0,0.0,0.0,1.0,MERCADERÍA,1.0,TIENDA PLAZA,101.0,VENTA PLAZA,10103.0,COSTO DE COMPRA,0.0,10474092611.0,VARGASMACHUCA ROJAS TOMAS IQUIQUE
INV000284225,INS2_LD04-00200,2025-04-09 05:00:00.000,A03,ALMACEN CHALAN GRAU,PD00534,LIMON X KG,,1.0,Kilogramos,FRUTAS Y VERDURAS,VERDURAS,0.0,-,,2.0,Compra Nacional,,  ,,,,,,,Entrada,KG,1.0,1.0,Kilogramos,1.0,3.7,3.7,0.0,0.0,0.0,11.265,3.776809587217044,42.54576,KG,1.0,0.0,0.0,0.0,1.0,MERCADERÍA,2.0,TIENDA GRAU,201.0,VENTA GRAU,20103.0,COSTO DE COMPRA,0.0,10474092611.0,VARGASMACHUCA ROJAS TOMAS IQUIQUE
INV000297389,INPR_LD04-00316,2025-04-09 08:00:00.000,A07,ALMACEN FABRICA(INSUMOS),PD00534,LIMON X KG,,1.0,Kilogramos,FRUTAS Y VERDURAS,VERDURAS,0.0,-,,60.0,P SEMITERM CREMOLADAS,,  ,,,,,,,Salida,KG,11.0,1.0,Kilogramos,0.0,0.0,0.0,11.0,4.796146,52.757606,116.788,4.795102561907045,560.010438,KG,11.0,0.0,0.0,0.0,1.0,MERCADERÍA,7.0,FABRICA,701.0,CREMOLADAS,70106.0,COSTO DE COMPRAS,0.0,,
INV000297390,INPR_LD04-00317,2025-04-09 08:12:00.000,A07,ALMACEN FABRICA(INSUMOS),PD00534,LIMON X KG,,1.0,Kilogramos,FRUTAS Y VERDURAS,VERDURAS,0.0,-,,60.0,P SEMITERM CREMOLADAS,,  ,,,,,,,Salida,KG,32.0,1.0,Kilogramos,0.0,0.0,0.0,32.0,4.796146,153.476672,84.788,4.794708755956032,406.533766,KG,32.0,0.0,0.0,0.0,1.0,MERCADERÍA,7.0,FABRICA,701.0,CREMOLADAS,70106.0,COSTO DE COMPRAS,0.0,,
INV000297462,INGN_LD04-01780,2025-04-09 08:24:00.000,A08,ALMACEN REPOSTERIA,PD00534,LIMON X KG,,1.0,Kilogramos,FRUTAS Y VERDURAS,VERDURAS,0.0,-,,53.0,P SEMITERM REPOSTERIA,,  ,,,,,,,Salida,KG,0.0006,1.0,Kilogramos,0.0,0.0,0.0,0.0006,3.70589,0.002224,4.789,3.7058905825850905,17.74751,KG,0.0006,0.0,0.0,0.0,1.0,MERCADERÍA,12.0,REPOSTERIA,1201.0,PRODUCCION,120103.0,REPOSTERIA MAT PRIMA Y SUMINIS IND,0.0,,
INV000294652,INS6_LD04-00144,2025-04-09 13:10:06.000,A07,ALMACEN FABRICA(INSUMOS),PD00534,LIMON X KG,,1.0,Kilogramos,FRUTAS Y VERDURAS,VERDURAS,0.0,-,,2.0,Compra Nacional,,  ,,,,,,,Entrada,KG,30.0,1.0,Kilogramos,30.0,3.5,105.0,0.0,0.0,0.0,114.788,4.456334860786842,511.533766,KG,30.0,0.0,0.0,0.0,1.0,MERCADERÍA,7.0,FABRICA,704.0,COSTO DE COMPRA,70401.0,COSTO DE COMPRA,0.0,10479025393.0,GARCIA NAVARRO MILTON ROBERTO
INV000296268,INS7_LD04-00126,2025-04-09 13:12:57.000,A15,ALMACEN MANCORA,PD00534,LIMON X KG,,1.0,Kilogramos,FRUTAS Y VERDURAS,VERDURAS,0.0,-,,2.0,Compra Nacional,,  ,,,,,,,Entrada,KG,1.0,1.0,Kilogramos,1.0,3.0,3.0,0.0,0.0,0.0,6.025,3.41802489626556,20.5936,KG,1.0,0.0,0.0,0.0,1.0,MERCADERÍA,6.0,TIENDA MANCORA,601.0,VENTA MANCORA,60106.0,COSTO DE COMPRA,0.0,10456412390.0,MORENO FLORES JOSE LUIS
INV000298890,INGN_LD04-00454,2025-04-09 20:48:00.000,A08,ALMACEN REPOSTERIA,PD00534,LIMON X KG,,1.0,Kilogramos,FRUTAS Y VERDURAS,VERDURAS,0.0,-,,58.0,P TERMINADO REPOSTERIA,,  ,,,,,,,Salida,KG,0.4,1.0,Kilogramos,0.0,0.0,0.0,0.4,3.70589,1.482356,4.389,3.705890635680109,16.265154,KG,0.4,0.0,0.0,0.0,1.0,MERCADERÍA,12.0,REPOSTERIA,1201.0,PRODUCCION,120103.0,REPOSTERIA MAT PRIMA Y SUMINIS IND,0.0,,
INV000284217,INGN_LD04-01352,2025-04-10 05:00:00.000,A02,ALMACEN CHALAN PLAZA,PD00534,LIMON X KG,,1.0,Kilogramos,FRUTAS Y VERDURAS,VERDURAS,0.0,-,,2.0,Compra Nacional,,  ,,,,,,,Entrada,KG,2.0,1.0,Kilogramos,2.0,3.7,7.4,0.0,0.0,0.0,14.79,3.70027599729547,54.727082,KG,2.0,0.0,0.0,0.0,1.0,MERCADERÍA,1.0,TIENDA PLAZA,101.0,VENTA PLAZA,10103.0,COSTO DE COMPRA,0.0,10474092611.0,VARGASMACHUCA ROJAS TOMAS IQUIQUE
INV000284221,INS5_LD04-00223,2025-04-10 05:00:00.000,A06,ALMACEN CHALAN MEGA,PD00534,LIMON X KG,,1.0,Kilogramos,FRUTAS Y VERDURAS,VERDURAS,0.0,-,,2.0,Compra Nacional,,  ,,,,,,,Entrada,KG,1.0,1.0,Kilogramos,1.0,3.7,3.7,0.0,0.0,0.0,6.3,3.8411758730158727,24.199408,KG,1.0,0.0,0.0,0.0,1.0,MERCADERÍA,5.0,TIENDA MEGA,501.0,VENTA MEGA,50106.0,COSTO DE COMPRA,0.0,10474092611.0,VARGASMACHUCA ROJAS TOMAS IQUIQUE
INV000296593,INS6_LD04-00168,2025-04-10 05:16:00.000,A07,ALMACEN FABRICA(INSUMOS),PD00534,LIMON X KG,,1.0,Kilogramos,FRUTAS Y VERDURAS,VERDURAS,0.0,-,,2.0,Compra Nacional,,  ,,,,,,,Entrada,KG,30.0,1.0,Kilogramos,30.0,4.8,144.0,0.0,0.0,0.0,144.788,4.527542102936708,655.533766,KG,30.0,1.0,0.0,1.0,1.0,MERCADERÍA,7.0,FABRICA,704.0,COSTO DE COMPRA,70401.0,COSTO DE COMPRA,0.0,20612502863.0,ORANGE PERUVIAN EMPRESA INDIVIDUAL DE RESPONSABILIDAD LIMITADA
INV000297195,INPR_LD04-00211,2025-04-10 08:00:00.000,A07,ALMACEN FABRICA(INSUMOS),PD00534,LIMON X KG,,1.0,Kilogramos,FRUTAS Y VERDURAS,VERDURAS,0.0,-,,60.0,P SEMITERM CREMOLADAS,,  ,,,,,,,Salida,KG,54.4,1.0,Kilogramos,0.0,0.0,0.0,54.4,4.54976,247.506944,90.388,4.514170265964508,408.026822,KG,54.4,0.0,0.0,1.0,1.0,MERCADERÍA,7.0,FABRICA,701.0,CREMOLADAS,70106.0,COSTO DE COMPRAS,0.0,,
INV000297463,INGN_LD04-01781,2025-04-10 08:32:00.000,A08,ALMACEN REPOSTERIA,PD00534,LIMON X KG,,1.0,Kilogramos,FRUTAS Y VERDURAS,VERDURAS,0.0,-,,53.0,P SEMITERM REPOSTERIA,,  ,,,,,,,Salida,KG,0.0004,1.0,Kilogramos,0.0,0.0,0.0,0.0004,3.70589,0.001482,4.3886,3.705890488994212,16.263671,KG,0.0004,0.0,0.0,0.0,1.0,MERCADERÍA,12.0,REPOSTERIA,1201.0,PRODUCCION,120103.0,REPOSTERIA MAT PRIMA Y SUMINIS IND,0.0,,
INV000284016,INS7_LD04-00075,2025-04-11 05:00:00.000,A15,ALMACEN MANCORA,PD00534,LIMON X KG,,1.0,Kilogramos,FRUTAS Y VERDURAS,VERDURAS,0.0,-,,2.0,Compra Nacional,,  ,,,,,,,Entrada,KG,4.0,1.0,Kilogramos,4.0,4.8,19.2,0.0,0.0,0.0,10.025,3.969436408977556,39.7936,KG,4.0,1.0,0.0,1.0,1.0,MERCADERÍA,6.0,TIENDA MANCORA,601.0,VENTA MANCORA,60106.0,COSTO DE COMPRA,0.0,20612502863.0,ORANGE PERUVIAN EMPRESA INDIVIDUAL DE RESPONSABILIDAD LIMITADA
INV000284206,INGN_LD04-01351,2025-04-11 05:00:00.000,A02,ALMACEN CHALAN PLAZA,PD00534,LIMON X KG,,1.0,Kilogramos,FRUTAS Y VERDURAS,VERDURAS,0.0,-,,2.0,Compra Nacional,,  ,,,,,,,Entrada,KG,3.0,1.0,Kilogramos,3.0,3.7,11.1,0.0,0.0,0.0,17.79,3.7002294547498598,65.827082,KG,3.0,0.0,0.0,0.0,1.0,MERCADERÍA,1.0,TIENDA PLAZA,101.0,VENTA PLAZA,10103.0,COSTO DE COMPRA,0.0,10474092611.0,VARGASMACHUCA ROJAS TOMAS IQUIQUE
INV000284208,INS2_LD04-00197,2025-04-11 05:00:00.000,A03,ALMACEN CHALAN GRAU,PD00534,LIMON X KG,,1.0,Kilogramos,FRUTAS Y VERDURAS,VERDURAS,0.0,-,,2.0,Compra Nacional,,  ,,,,,,,Entrada,KG,1.0,1.0,Kilogramos,1.0,3.7,3.7,0.0,0.0,0.0,12.265,3.7705470852017933,46.24576,KG,1.0,0.0,0.0,0.0,1.0,MERCADERÍA,2.0,TIENDA GRAU,201.0,VENTA GRAU,20103.0,COSTO DE COMPRA,0.0,10474092611.0,VARGASMACHUCA ROJAS TOMAS IQUIQUE
INV000284215,INS7_LD04-00078,2025-04-11 05:00:00.000,A15,ALMACEN MANCORA,PD00534,LIMON X KG,,1.0,Kilogramos,FRUTAS Y VERDURAS,VERDURAS,0.0,-,,2.0,Compra Nacional,,  ,,,,,,,Entrada,KG,4.0,1.0,Kilogramos,4.0,3.7,14.8,0.0,0.0,0.0,14.025,3.8925918003565063,54.5936,KG,4.0,1.0,0.0,2.0,1.0,MERCADERÍA,6.0,TIENDA MANCORA,601.0,VENTA MANCORA,60106.0,COSTO DE COMPRA,0.0,10474092611.0,VARGASMACHUCA ROJAS TOMAS IQUIQUE
INV000297466,INGN_LD04-01784,2025-04-11 08:52:00.000,A08,ALMACEN REPOSTERIA,PD00534,LIMON X KG,,1.0,Kilogramos,FRUTAS Y VERDURAS,VERDURAS,0.0,-,,53.0,P SEMITERM REPOSTERIA,,  ,,,,,,,Salida,KG,0.0008,1.0,Kilogramos,0.0,0.0,0.0,0.0008,3.70589,0.002965,4.3878,3.705890651351474,16.260707,KG,0.0008,0.0,0.0,0.0,1.0,MERCADERÍA,12.0,REPOSTERIA,1201.0,PRODUCCION,120103.0,REPOSTERIA MAT PRIMA Y SUMINIS IND,0.0,,
INV000303998,INPR_LD04-00960,2025-04-11 10:00:00.000,A07,ALMACEN FABRICA(INSUMOS),PD00534,LIMON X KG,,1.0,Kilogramos,FRUTAS Y VERDURAS,VERDURAS,0.0,-,,56.0,P TERMINADO HELADOS,,  ,,,,,,,Salida,KG,10.278,1.0,Kilogramos,0.0,0.0,0.0,10.278,4.54976,46.762433,80.11,4.509604156784421,361.264389,,,0.0,0.0,1.0,1.0,MERCADERÍA,7.0,FABRICA,702.0,HELADOS,70206.0,COSTO DE COMPRA,0.0,,
INV000298920,INGN_LD04-00484,2025-04-11 16:49:00.000,A08,ALMACEN REPOSTERIA,PD00534,LIMON X KG,,1.0,Kilogramos,FRUTAS Y VERDURAS,VERDURAS,0.0,-,,58.0,P TERMINADO REPOSTERIA,,  ,,,,,,,Salida,KG,1.6,1.0,Kilogramos,0.0,0.0,0.0,1.6,3.70589,5.929424,2.7878,3.7058910251811468,10.331283,KG,1.6,0.0,0.0,0.0,1.0,MERCADERÍA,12.0,REPOSTERIA,1201.0,PRODUCCION,120103.0,REPOSTERIA MAT PRIMA Y SUMINIS IND,0.0,,
INV000284190,INGN_LD04-01348,2025-04-12 05:00:00.000,A02,ALMACEN CHALAN PLAZA,PD00534,LIMON X KG,,1.0,Kilogramos,FRUTAS Y VERDURAS,VERDURAS,0.0,-,,2.0,Compra Nacional,,  ,,,,,,,Entrada,KG,12.0,1.0,Kilogramos,12.0,3.7,44.4,0.0,0.0,0.0,29.79,3.7001370258476,110.227082,KG,12.0,0.0,0.0,0.0,1.0,MERCADERÍA,1.0,TIENDA PLAZA,101.0,VENTA PLAZA,10103.0,COSTO DE COMPRA,0.0,10474092611.0,VARGASMACHUCA ROJAS TOMAS IQUIQUE
INV000284194,INS2_LD04-00195,2025-04-12 05:00:00.000,A03,ALMACEN CHALAN GRAU,PD00534,LIMON X KG,,1.0,Kilogramos,FRUTAS Y VERDURAS,VERDURAS,0.0,-,,2.0,Compra Nacional,,  ,,,,,,,Entrada,KG,5.0,1.0,Kilogramos,5.0,3.7,18.5,0.0,0.0,0.0,17.265,3.7501164205039097,64.74576,KG,5.0,0.0,0.0,0.0,1.0,MERCADERÍA,2.0,TIENDA GRAU,201.0,VENTA GRAU,20103.0,COSTO DE COMPRA,0.0,10474092611.0,VARGASMACHUCA ROJAS TOMAS IQUIQUE
INV000284204,INS5_LD04-00222,2025-04-12 05:00:00.000,A06,ALMACEN CHALAN MEGA,PD00534,LIMON X KG,,1.0,Kilogramos,FRUTAS Y VERDURAS,VERDURAS,0.0,-,,2.0,Compra Nacional,,  ,,,,,,,Entrada,KG,2.0,1.0,Kilogramos,2.0,3.7,7.4,0.0,0.0,0.0,8.3,3.8071575903614456,31.599408,KG,2.0,0.0,0.0,0.0,1.0,MERCADERÍA,5.0,TIENDA MEGA,501.0,VENTA MEGA,50106.0,COSTO DE COMPRA,0.0,10474092611.0,VARGASMACHUCA ROJAS TOMAS IQUIQUE
INV000297469,INGN_LD04-01787,2025-04-12 08:32:00.000,A08,ALMACEN REPOSTERIA,PD00534,LIMON X KG,,1.0,Kilogramos,FRUTAS Y VERDURAS,VERDURAS,0.0,-,,53.0,P SEMITERM REPOSTERIA,,  ,,,,,,,Salida,KG,0.0044,1.0,Kilogramos,0.0,0.0,0.0,0.0044,3.70589,0.016306,2.7834,3.705890996622836,10.314977,KG,0.0044,0.0,0.0,0.0,1.0,MERCADERÍA,12.0,REPOSTERIA,1201.0,PRODUCCION,120103.0,REPOSTERIA MAT PRIMA Y SUMINIS IND,0.0,,
INV000279733,INGN_LD04-00884,2025-04-12 15:52:43.707,A02,ALMACEN CHALAN PLAZA,PD00534,LIMON X KG,,1.0,Kilogramos,FRUTAS Y VERDURAS,VERDURAS,0.0,-,,52.0,Consumo,,  ,,,,,,,Salida,KG,1.125,1.0,Kilogramos,0.0,0.0,0.0,1.125,3.700137,4.162654,28.665,3.700137031222746,106.064428,KG,1.125,0.0,0.0,0.0,1.0,MERCADERÍA,1.0,TIENDA PLAZA,101.0,VENTA PLAZA,10106.0,GASTOS ADMINISTRATIVOS,0.0,,
INV000296610,INGN_LD04-01752,2025-04-12 16:02:46.093,A02,ALMACEN CHALAN PLAZA,PD00534,LIMON X KG,,1.0,Kilogramos,FRUTAS Y VERDURAS,VERDURAS,0.0,-,,17.0,Otros,,  ,,,,,,,Salida,KG,9.0,1.0,Kilogramos,0.0,0.0,0.0,9.0,3.700137,33.301233,19.665,3.7001370455123315,72.763195,KG,9.0,0.0,0.0,0.0,1.0,MERCADERÍA,1.0,TIENDA PLAZA,101.0,VENTA PLAZA,10103.0,COSTO DE COMPRA,0.0,,
INV000296610,INGN_LD04-01752,2025-04-12 16:02:46.093,A08,ALMACEN REPOSTERIA,PD00534,LIMON X KG,,1.0,Kilogramos,FRUTAS Y VERDURAS,VERDURAS,0.0,-,,17.0,Otros,,  ,,,,,,,Entrada,KG,9.0,1.0,Kilogramos,9.0,3.700137,33.301233,0.0,0.0,0.0,11.7834,3.7014961725817677,43.61621,KG,9.0,0.0,0.0,0.0,1.0,MERCADERÍA,1.0,TIENDA PLAZA,101.0,VENTA PLAZA,10103.0,COSTO DE COMPRA,0.0,,
INV000298939,INGN_LD04-00502,2025-04-12 18:04:00.000,A08,ALMACEN REPOSTERIA,PD00534,LIMON X KG,,1.0,Kilogramos,FRUTAS Y VERDURAS,VERDURAS,0.0,-,,58.0,P TERMINADO REPOSTERIA,,  ,,,,,,,Salida,KG,1.6,1.0,Kilogramos,0.0,0.0,0.0,1.6,3.701496,5.922394,10.1834,3.7014961604179346,37.693816,KG,1.6,0.0,0.0,0.0,1.0,MERCADERÍA,12.0,REPOSTERIA,1201.0,PRODUCCION,120103.0,REPOSTERIA MAT PRIMA Y SUMINIS IND,0.0,,
INV000280868,INGN_LD04-00892,2025-04-13 13:15:20.573,A02,ALMACEN CHALAN PLAZA,PD00534,LIMON X KG,,1.0,Kilogramos,FRUTAS Y VERDURAS,VERDURAS,0.0,-,,52.0,Consumo,,  ,,,,,,,Salida,KG,1.125,1.0,Kilogramos,0.0,0.0,0.0,0.0,0.0,0.0,19.665,3.7001370455123315,72.763195,KG,1.125,0.0,0.0,0.0,1.0,MERCADERÍA,1.0,TIENDA PLAZA,101.0,VENTA PLAZA,10106.0,GASTOS ADMINISTRATIVOS,0.0,,
INV000298956,INGN_LD04-00519,2025-04-13 13:23:00.000,A08,ALMACEN REPOSTERIA,PD00534,LIMON X KG,,1.0,Kilogramos,FRUTAS Y VERDURAS,VERDURAS,0.0,-,,58.0,P TERMINADO REPOSTERIA,,  ,,,,,,,Salida,KG,1.2,1.0,Kilogramos,0.0,0.0,0.0,1.2,3.701496,4.441795,8.9834,3.7014962041098025,33.252021,KG,1.2,0.0,0.0,0.0,1.0,MERCADERÍA,12.0,REPOSTERIA,1201.0,PRODUCCION,120103.0,REPOSTERIA MAT PRIMA Y SUMINIS IND,0.0,,
INV000283623,INS6_LD04-00081,2025-04-14 05:00:00.000,A07,ALMACEN FABRICA(INSUMOS),PD00534,LIMON X KG,,1.0,Kilogramos,FRUTAS Y VERDURAS,VERDURAS,0.0,-,,2.0,Compra Nacional,,  ,,,,,,,Entrada,KG,1.0,1.0,Kilogramos,1.0,3.7,3.7,0.0,0.0,0.0,81.11,4.499622598939712,364.964389,KG,1.0,0.0,0.0,1.0,1.0,MERCADERÍA,7.0,FABRICA,703.0,ADMINISTRATIVOS,70301.0,ADMINISTRATIVOS,0.0,10474092611.0,VARGASMACHUCA ROJAS TOMAS IQUIQUE
INV000297474,INGN_LD04-01791,2025-04-14 08:06:00.000,A08,ALMACEN REPOSTERIA,PD00534,LIMON X KG,,1.0,Kilogramos,FRUTAS Y VERDURAS,VERDURAS,0.0,-,,53.0,P SEMITERM REPOSTERIA,,  ,,,,,,,Salida,KG,0.0012,1.0,Kilogramos,0.0,0.0,0.0,0.0012,3.701496,0.004442,8.9822,3.7014961813364207,33.247579,KG,0.0012,0.0,0.0,0.0,1.0,MERCADERÍA,12.0,REPOSTERIA,1201.0,PRODUCCION,120103.0,REPOSTERIA MAT PRIMA Y SUMINIS IND,0.0,,
INV000297209,INPR_LD04-00219,2025-04-14 08:10:00.000,A07,ALMACEN FABRICA(INSUMOS),PD00534,LIMON X KG,,1.0,Kilogramos,FRUTAS Y VERDURAS,VERDURAS,0.0,-,,60.0,P SEMITERM CREMOLADAS,,  ,,,,,,,Salida,KG,11.0,1.0,Kilogramos,0.0,0.0,0.0,11.0,4.541586,49.957446,70.11,4.493038696334332,315.006943,KG,11.0,0.0,0.0,1.0,1.0,MERCADERÍA,7.0,FABRICA,701.0,CREMOLADAS,70106.0,COSTO DE COMPRAS,0.0,,
INV000297213,INPR_LD04-00223,2025-04-14 08:30:00.000,A07,ALMACEN FABRICA(INSUMOS),PD00534,LIMON X KG,,1.0,Kilogramos,FRUTAS Y VERDURAS,VERDURAS,0.0,-,,60.0,P SEMITERM CREMOLADAS,,  ,,,,,,,Salida,KG,12.8,1.0,Kilogramos,0.0,0.0,0.0,12.8,4.541586,58.132301,57.31,4.482195812249171,256.874642,KG,12.8,0.0,0.0,1.0,1.0,MERCADERÍA,7.0,FABRICA,701.0,CREMOLADAS,70106.0,COSTO DE COMPRAS,0.0,,
INV000298972,INGN_LD04-00535,2025-04-14 13:59:00.000,A08,ALMACEN REPOSTERIA,PD00534,LIMON X KG,,1.0,Kilogramos,FRUTAS Y VERDURAS,VERDURAS,0.0,-,,58.0,P TERMINADO REPOSTERIA,,  ,,,,,,,Salida,KG,1.2,1.0,Kilogramos,0.0,0.0,0.0,1.2,3.701496,4.441795,7.7822,3.7014962349978155,28.805784,KG,1.2,0.0,0.0,0.0,1.0,MERCADERÍA,12.0,REPOSTERIA,1201.0,PRODUCCION,120103.0,REPOSTERIA MAT PRIMA Y SUMINIS IND,0.0,,
INV000284176,INGN_LD04-01346,2025-04-15 05:00:00.000,A02,ALMACEN CHALAN PLAZA,PD00534,LIMON X KG,,1.0,Kilogramos,FRUTAS Y VERDURAS,VERDURAS,0.0,-,,2.0,Compra Nacional,,  ,,,,,,,Entrada,KG,4.0,1.0,Kilogramos,4.0,3.7,14.8,0.0,0.0,0.0,23.665,3.7001138812592433,87.563195,KG,4.0,1.0,0.0,1.0,1.0,MERCADERÍA,1.0,TIENDA PLAZA,101.0,VENTA PLAZA,10103.0,COSTO DE COMPRA,0.0,10474092611.0,VARGASMACHUCA ROJAS TOMAS IQUIQUE
INV000284177,INS2_LD04-00192,2025-04-15 05:00:00.000,A03,ALMACEN CHALAN GRAU,PD00534,LIMON X KG,,1.0,Kilogramos,FRUTAS Y VERDURAS,VERDURAS,0.0,-,,2.0,Compra Nacional,,  ,,,,,,,Entrada,KG,3.0,1.0,Kilogramos,3.0,3.7,11.1,0.0,0.0,0.0,20.265,3.7426972612879346,75.84576,KG,3.0,0.0,0.0,0.0,1.0,MERCADERÍA,2.0,TIENDA GRAU,201.0,VENTA GRAU,20103.0,COSTO DE COMPRA,0.0,10474092611.0,VARGASMACHUCA ROJAS TOMAS IQUIQUE
INV000297218,INPR_LD04-00228,2025-04-15 08:02:00.000,A07,ALMACEN FABRICA(INSUMOS),PD00534,LIMON X KG,,1.0,Kilogramos,FRUTAS Y VERDURAS,VERDURAS,0.0,-,,60.0,P SEMITERM CREMOLADAS,,  ,,,,,,,Salida,KG,6.0,1.0,Kilogramos,0.0,0.0,0.0,6.0,4.541586,27.249516,51.31,4.475250945234847,229.625126,KG,6.0,0.0,0.0,1.0,1.0,MERCADERÍA,7.0,FABRICA,701.0,CREMOLADAS,70106.0,COSTO DE COMPRAS,0.0,,
INV000297477,INGN_LD04-01794,2025-04-15 08:11:00.000,A08,ALMACEN REPOSTERIA,PD00534,LIMON X KG,,1.0,Kilogramos,FRUTAS Y VERDURAS,VERDURAS,0.0,-,,53.0,P SEMITERM REPOSTERIA,,  ,,,,,,,Salida,KG,0.0028,1.0,Kilogramos,0.0,0.0,0.0,0.0028,3.701496,0.010364,7.7794,3.701496259351621,28.79542,KG,0.0028,0.0,0.0,0.0,1.0,MERCADERÍA,12.0,REPOSTERIA,1201.0,PRODUCCION,120103.0,REPOSTERIA MAT PRIMA Y SUMINIS IND,0.0,,
INV000303999,INPR_LD04-00961,2025-04-15 13:00:01.000,A07,ALMACEN FABRICA(INSUMOS),PD00534,LIMON X KG,,1.0,Kilogramos,FRUTAS Y VERDURAS,VERDURAS,0.0,-,,56.0,P TERMINADO HELADOS,,  ,,,,,,,Salida,KG,14.846,1.0,Kilogramos,0.0,0.0,0.0,14.846,4.541586,67.424386,36.464,4.4482432261957,162.200741,,,0.0,0.0,1.0,1.0,MERCADERÍA,7.0,FABRICA,702.0,HELADOS,70206.0,COSTO DE COMPRA,0.0,,
INV000298991,INGN_LD04-00554,2025-04-15 17:25:00.000,A08,ALMACEN REPOSTERIA,PD00534,LIMON X KG,,1.0,Kilogramos,FRUTAS Y VERDURAS,VERDURAS,0.0,-,,58.0,P TERMINADO REPOSTERIA,,  ,,,,,,,Salida,KG,1.6,1.0,Kilogramos,0.0,0.0,0.0,1.6,3.701496,5.922394,6.1794,3.7014962617729874,22.873026,KG,1.6,0.0,0.0,0.0,1.0,MERCADERÍA,12.0,REPOSTERIA,1201.0,PRODUCCION,120103.0,REPOSTERIA MAT PRIMA Y SUMINIS IND,0.0,,
INV000284172,INGN_LD04-01345,2025-04-16 05:00:00.000,A02,ALMACEN CHALAN PLAZA,PD00534,LIMON X KG,,1.0,Kilogramos,FRUTAS Y VERDURAS,VERDURAS,0.0,-,,2.0,Compra Nacional,,  ,,,,,,,Entrada,KG,6.0,1.0,Kilogramos,6.0,3.7,22.2,0.0,0.0,0.0,29.665,3.700090847800438,109.763195,KG,6.0,0.0,0.0,1.0,1.0,MERCADERÍA,1.0,TIENDA PLAZA,101.0,VENTA PLAZA,10103.0,COSTO DE COMPRA,0.0,10474092611.0,VARGASMACHUCA ROJAS TOMAS IQUIQUE
INV000284174,INS5_LD04-00217,2025-04-16 05:00:00.000,A06,ALMACEN CHALAN MEGA,PD00534,LIMON X KG,,1.0,Kilogramos,FRUTAS Y VERDURAS,VERDURAS,0.0,-,,2.0,Compra Nacional,,  ,,,,,,,Entrada,KG,1.0,1.0,Kilogramos,1.0,3.7,3.7,0.0,0.0,0.0,9.3,3.795635268817204,35.299408,KG,1.0,0.0,0.0,0.0,1.0,MERCADERÍA,5.0,TIENDA MEGA,501.0,VENTA MEGA,50106.0,COSTO DE COMPRA,0.0,10474092611.0,VARGASMACHUCA ROJAS TOMAS IQUIQUE
INV000297481,INGN_LD04-01797,2025-04-16 08:02:00.000,A08,ALMACEN REPOSTERIA,PD00534,LIMON X KG,,1.0,Kilogramos,FRUTAS Y VERDURAS,VERDURAS,0.0,-,,53.0,P SEMITERM REPOSTERIA,,  ,,,,,,,Salida,KG,0.0016,1.0,Kilogramos,0.0,0.0,0.0,0.0016,3.701496,0.005922,6.1778,3.7014963255527857,22.867104,KG,0.0016,0.0,0.0,0.0,1.0,MERCADERÍA,12.0,REPOSTERIA,1201.0,PRODUCCION,120103.0,REPOSTERIA MAT PRIMA Y SUMINIS IND,0.0,,
INV000297484,INGN_LD04-01800,2025-04-16 08:29:00.000,A08,ALMACEN REPOSTERIA,PD00534,LIMON X KG,,1.0,Kilogramos,FRUTAS Y VERDURAS,VERDURAS,0.0,-,,53.0,P SEMITERM REPOSTERIA,,  ,,,,,,,Salida,KG,0.0006,1.0,Kilogramos,0.0,0.0,0.0,0.0006,3.701496,0.002221,6.1772,3.701496309007317,22.864883,KG,0.0006,0.0,0.0,0.0,1.0,MERCADERÍA,12.0,REPOSTERIA,1201.0,PRODUCCION,120103.0,REPOSTERIA MAT PRIMA Y SUMINIS IND,0.0,,
INV000299011,INGN_LD04-00574,2025-04-16 20:36:00.000,A08,ALMACEN REPOSTERIA,PD00534,LIMON X KG,,1.0,Kilogramos,FRUTAS Y VERDURAS,VERDURAS,0.0,-,,58.0,P TERMINADO REPOSTERIA,,  ,,,,,,,Salida,KG,1.2,1.0,Kilogramos,0.0,0.0,0.0,1.2,3.701496,4.441795,4.9772,3.701496423692036,18.423088,KG,1.2,0.0,0.0,0.0,1.0,MERCADERÍA,12.0,REPOSTERIA,1201.0,PRODUCCION,120103.0,REPOSTERIA MAT PRIMA Y SUMINIS IND,0.0,,
INV000284167,INGN_LD04-01344,2025-04-17 05:00:00.000,A02,ALMACEN CHALAN PLAZA,PD00534,LIMON X KG,,1.0,Kilogramos,FRUTAS Y VERDURAS,VERDURAS,0.0,-,,2.0,Compra Nacional,,  ,,,,,,,Entrada,KG,14.0,1.0,Kilogramos,14.0,3.7,51.8,0.0,0.0,0.0,43.665,3.700061719912974,161.563195,KG,14.0,0.0,0.0,1.0,1.0,MERCADERÍA,1.0,TIENDA PLAZA,101.0,VENTA PLAZA,10103.0,COSTO DE COMPRA,0.0,10474092611.0,VARGASMACHUCA ROJAS TOMAS IQUIQUE
INV000284168,INS2_LD04-00190,2025-04-17 05:00:00.000,A03,ALMACEN CHALAN GRAU,PD00534,LIMON X KG,,1.0,Kilogramos,FRUTAS Y VERDURAS,VERDURAS,0.0,-,,2.0,Compra Nacional,,  ,,,,,,,Entrada,KG,7.0,1.0,Kilogramos,7.0,3.7,25.9,0.0,0.0,0.0,27.265,3.7317351916376307,101.74576,KG,7.0,0.0,0.0,0.0,1.0,MERCADERÍA,2.0,TIENDA GRAU,201.0,VENTA GRAU,20103.0,COSTO DE COMPRA,0.0,10474092611.0,VARGASMACHUCA ROJAS TOMAS IQUIQUE
INV000284171,INS5_LD04-00216,2025-04-17 05:00:00.000,A06,ALMACEN CHALAN MEGA,PD00534,LIMON X KG,,1.0,Kilogramos,FRUTAS Y VERDURAS,VERDURAS,0.0,-,,2.0,Compra Nacional,,  ,,,,,,,Entrada,KG,1.0,1.0,Kilogramos,1.0,3.7,3.7,0.0,0.0,0.0,10.3,3.786350291262136,38.999408,KG,1.0,0.0,0.0,0.0,1.0,MERCADERÍA,5.0,TIENDA MEGA,501.0,VENTA MEGA,50106.0,COSTO DE COMPRA,0.0,10474092611.0,VARGASMACHUCA ROJAS TOMAS IQUIQUE
INV000297485,INGN_LD04-01801,2025-04-17 08:01:00.000,A08,ALMACEN REPOSTERIA,PD00534,LIMON X KG,,1.0,Kilogramos,FRUTAS Y VERDURAS,VERDURAS,0.0,-,,53.0,P SEMITERM REPOSTERIA,,  ,,,,,,,Salida,KG,0.0032,1.0,Kilogramos,0.0,0.0,0.0,0.0032,3.701496,0.011845,4.974,3.701496381182147,18.411243,KG,0.0032,0.0,0.0,0.0,1.0,MERCADERÍA,12.0,REPOSTERIA,1201.0,PRODUCCION,120103.0,REPOSTERIA MAT PRIMA Y SUMINIS IND,0.0,,
INV000299030,INGN_LD04-00593,2025-04-17 17:21:00.000,A08,ALMACEN REPOSTERIA,PD00534,LIMON X KG,,1.0,Kilogramos,FRUTAS Y VERDURAS,VERDURAS,0.0,-,,58.0,P TERMINADO REPOSTERIA,,  ,,,,,,,Salida,KG,1.6,1.0,Kilogramos,0.0,0.0,0.0,1.6,3.701496,5.922394,3.374,3.701496443390634,12.488849,KG,1.6,0.0,0.0,0.0,1.0,MERCADERÍA,12.0,REPOSTERIA,1201.0,PRODUCCION,120103.0,REPOSTERIA MAT PRIMA Y SUMINIS IND,0.0,,
INV000297541,INGN_LD04-01842,2025-04-18 08:13:00.000,A08,ALMACEN REPOSTERIA,PD00534,LIMON X KG,,1.0,Kilogramos,FRUTAS Y VERDURAS,VERDURAS,0.0,-,,53.0,P SEMITERM REPOSTERIA,,  ,,,,,,,Salida,KG,0.0016,1.0,Kilogramos,0.0,0.0,0.0,0.0016,3.701496,0.005922,3.3724,3.7014965603131302,12.482927,KG,0.0016,0.0,0.0,0.0,1.0,MERCADERÍA,12.0,REPOSTERIA,1201.0,PRODUCCION,120103.0,REPOSTERIA MAT PRIMA Y SUMINIS IND,0.0,,
INV000299048,INGN_LD04-00611,2025-04-18 20:42:01.000,A08,ALMACEN REPOSTERIA,PD00534,LIMON X KG,,1.0,Kilogramos,FRUTAS Y VERDURAS,VERDURAS,0.0,-,,58.0,P TERMINADO REPOSTERIA,,  ,,,,,,,Salida,KG,1.6,1.0,Kilogramos,0.0,0.0,0.0,1.6,3.701496,5.922394,1.7724,3.7014968404423385,6.560533,KG,1.6,0.0,0.0,0.0,1.0,MERCADERÍA,12.0,REPOSTERIA,1201.0,PRODUCCION,120103.0,REPOSTERIA MAT PRIMA Y SUMINIS IND,0.0,,
INV000284164,INGN_LD04-01343,2025-04-19 05:00:00.000,A02,ALMACEN CHALAN PLAZA,PD00534,LIMON X KG,,1.0,Kilogramos,FRUTAS Y VERDURAS,VERDURAS,0.0,-,,2.0,Compra Nacional,,  ,,,,,,,Entrada,KG,10.5,1.0,Kilogramos,10.5,3.7,38.85,0.0,0.0,0.0,54.165,3.700049755377089,200.413195,KG,10.5,0.0,0.0,1.0,1.0,MERCADERÍA,1.0,TIENDA PLAZA,101.0,VENTA PLAZA,10103.0,COSTO DE COMPRA,0.0,10474092611.0,VARGASMACHUCA ROJAS TOMAS IQUIQUE
INV000284166,INS5_LD04-00215,2025-04-19 05:00:00.000,A06,ALMACEN CHALAN MEGA,PD00534,LIMON X KG,,1.0,Kilogramos,FRUTAS Y VERDURAS,VERDURAS,0.0,-,,2.0,Compra Nacional,,  ,,,,,,,Entrada,KG,2.0,1.0,Kilogramos,2.0,3.7,7.4,0.0,0.0,0.0,12.3,3.772309593495935,46.399408,KG,2.0,0.0,0.0,0.0,1.0,MERCADERÍA,5.0,TIENDA MEGA,501.0,VENTA MEGA,50106.0,COSTO DE COMPRA,0.0,10474092611.0,VARGASMACHUCA ROJAS TOMAS IQUIQUE
INV000296611,INGN_LD04-01753,2025-04-19 08:22:47.967,A02,ALMACEN CHALAN PLAZA,PD00534,LIMON X KG,,1.0,Kilogramos,FRUTAS Y VERDURAS,VERDURAS,0.0,-,,17.0,Otros,,  ,,,,,,,Salida,KG,40.0,1.0,Kilogramos,0.0,0.0,0.0,40.0,3.700049,148.00196,14.165,3.7000518884574656,52.411235,KG,40.0,0.0,0.0,1.0,1.0,MERCADERÍA,1.0,TIENDA PLAZA,101.0,VENTA PLAZA,10103.0,COSTO DE COMPRA,0.0,,
INV000296611,INGN_LD04-01753,2025-04-19 08:22:47.967,A08,ALMACEN REPOSTERIA,PD00534,LIMON X KG,,1.0,Kilogramos,FRUTAS Y VERDURAS,VERDURAS,0.0,-,,17.0,Otros,,  ,,,,,,,Entrada,KG,40.0,1.0,Kilogramos,40.0,3.700049,148.00196,0.0,0.0,0.0,41.7724,3.7001104317683446,154.562493,KG,40.0,0.0,0.0,0.0,1.0,MERCADERÍA,1.0,TIENDA PLAZA,101.0,VENTA PLAZA,10103.0,COSTO DE COMPRA,0.0,,
INV000297505,INGN_LD04-01806,2025-04-19 08:34:00.000,A08,ALMACEN REPOSTERIA,PD00534,LIMON X KG,,1.0,Kilogramos,FRUTAS Y VERDURAS,VERDURAS,0.0,-,,53.0,P SEMITERM REPOSTERIA,,  ,,,,,,,Salida,KG,0.0006,1.0,Kilogramos,0.0,0.0,0.0,0.0006,3.70011,0.00222,41.7718,3.70011043335456,154.560273,KG,0.0006,0.0,0.0,0.0,1.0,MERCADERÍA,12.0,REPOSTERIA,1201.0,PRODUCCION,120103.0,REPOSTERIA MAT PRIMA Y SUMINIS IND,0.0,,
INV000299065,INGN_LD04-00628,2025-04-19 21:11:00.000,A08,ALMACEN REPOSTERIA,PD00534,LIMON X KG,,1.0,Kilogramos,FRUTAS Y VERDURAS,VERDURAS,0.0,-,,58.0,P TERMINADO REPOSTERIA,,  ,,,,,,,Salida,KG,1.2,1.0,Kilogramos,0.0,0.0,0.0,1.2,3.70011,4.440132,40.5718,3.700110446171971,150.120141,KG,1.2,0.0,0.0,0.0,1.0,MERCADERÍA,12.0,REPOSTERIA,1201.0,PRODUCCION,120103.0,REPOSTERIA MAT PRIMA Y SUMINIS IND,0.0,,
INV000297506,INGN_LD04-01807,2025-04-20 08:43:00.000,A08,ALMACEN REPOSTERIA,PD00534,LIMON X KG,,1.0,Kilogramos,FRUTAS Y VERDURAS,VERDURAS,0.0,-,,53.0,P SEMITERM REPOSTERIA,,  ,,,,,,,Salida,KG,0.0016,1.0,Kilogramos,0.0,0.0,0.0,0.0016,3.70011,0.00592,40.5702,3.700110450527727,150.114221,KG,0.0016,0.0,0.0,0.0,1.0,MERCADERÍA,12.0,REPOSTERIA,1201.0,PRODUCCION,120103.0,REPOSTERIA MAT PRIMA Y SUMINIS IND,0.0,,
INV000299075,INGN_LD04-00638,2025-04-20 17:07:00.000,A08,ALMACEN REPOSTERIA,PD00534,LIMON X KG,,1.0,Kilogramos,FRUTAS Y VERDURAS,VERDURAS,0.0,-,,58.0,P TERMINADO REPOSTERIA,,  ,,,,,,,Salida,KG,1.6,1.0,Kilogramos,0.0,0.0,0.0,1.6,3.70011,5.920176,38.9702,3.70011046902505,144.194045,KG,1.6,0.0,0.0,0.0,1.0,MERCADERÍA,12.0,REPOSTERIA,1201.0,PRODUCCION,120103.0,REPOSTERIA MAT PRIMA Y SUMINIS IND,0.0,,
INV000283635,INS6_LD04-00090,2025-04-21 05:00:00.000,A07,ALMACEN FABRICA(INSUMOS),PD00534,LIMON X KG,,1.0,Kilogramos,FRUTAS Y VERDURAS,VERDURAS,0.0,-,,2.0,Compra Nacional,,  ,,,,,,,Entrada,KG,25.0,1.0,Kilogramos,25.0,3.7,92.5,0.0,0.0,0.0,61.464,4.143901161655603,254.700741,KG,25.0,0.0,0.0,1.0,1.0,MERCADERÍA,7.0,FABRICA,703.0,ADMINISTRATIVOS,70301.0,ADMINISTRATIVOS,0.0,20612502863.0,ORANGE PERUVIAN EMPRESA INDIVIDUAL DE RESPONSABILIDAD LIMITADA
INV000283636,INS6_LD04-00091,2025-04-21 05:00:00.000,A07,ALMACEN FABRICA(INSUMOS),PD00534,LIMON X KG,,1.0,Kilogramos,FRUTAS Y VERDURAS,VERDURAS,0.0,-,,2.0,Compra Nacional,,  ,,,,,,,Entrada,KG,1.0,1.0,Kilogramos,1.0,3.7,3.7,0.0,0.0,0.0,62.464,4.1367946497182375,258.400741,KG,1.0,0.0,0.0,1.0,1.0,MERCADERÍA,7.0,FABRICA,703.0,ADMINISTRATIVOS,70301.0,ADMINISTRATIVOS,0.0,10474092611.0,VARGASMACHUCA ROJAS TOMAS IQUIQUE
INV000297511,INGN_LD04-01812,2025-04-21 08:20:00.000,A08,ALMACEN REPOSTERIA,PD00534,LIMON X KG,,1.0,Kilogramos,FRUTAS Y VERDURAS,VERDURAS,0.0,-,,53.0,P SEMITERM REPOSTERIA,,  ,,,,,,,Salida,KG,0.0006,1.0,Kilogramos,0.0,0.0,0.0,0.0006,3.70011,0.00222,38.9696,3.700110470725899,144.191825,KG,0.0006,0.0,0.0,0.0,1.0,MERCADERÍA,12.0,REPOSTERIA,1201.0,PRODUCCION,120103.0,REPOSTERIA MAT PRIMA Y SUMINIS IND,0.0,,
INV000299092,INGN_LD04-00655,2025-04-21 18:53:00.000,A08,ALMACEN REPOSTERIA,PD00534,LIMON X KG,,1.0,Kilogramos,FRUTAS Y VERDURAS,VERDURAS,0.0,-,,58.0,P TERMINADO REPOSTERIA,,  ,,,,,,,Salida,KG,1.6,1.0,Kilogramos,0.0,0.0,0.0,1.6,3.70011,5.920176,37.3696,3.700110490880288,138.271649,KG,1.6,0.0,0.0,0.0,1.0,MERCADERÍA,12.0,REPOSTERIA,1201.0,PRODUCCION,120103.0,REPOSTERIA MAT PRIMA Y SUMINIS IND,0.0,,
INV000293973,INS7_LD04-00103,2025-04-21 22:43:24.000,A15,ALMACEN MANCORA,PD00534,LIMON X KG,,1.0,Kilogramos,FRUTAS Y VERDURAS,VERDURAS,0.0,-,,2.0,Compra Nacional,,  ,,,,,,,Entrada,KG,1.0,1.0,Kilogramos,1.0,4.0,4.0,0.0,0.0,0.0,15.025,3.899740432612313,58.5936,KG,1.0,0.0,0.0,2.0,1.0,MERCADERÍA,6.0,TIENDA MANCORA,601.0,VENTA MANCORA,60106.0,COSTO DE COMPRA,0.0,10456412390.0,MORENO FLORES JOSE LUIS
INV000293974,INS7_LD04-00104,2025-04-21 22:43:26.000,A15,ALMACEN MANCORA,PD00534,LIMON X KG,,1.0,Kilogramos,FRUTAS Y VERDURAS,VERDURAS,0.0,-,,2.0,Compra Nacional,,  ,,,,,,,Entrada,KG,1.0,1.0,Kilogramos,1.0,3.0,3.0,0.0,0.0,0.0,16.025,3.8435943837753515,61.5936,KG,1.0,0.0,0.0,2.0,1.0,MERCADERÍA,6.0,TIENDA MANCORA,601.0,VENTA MANCORA,60106.0,COSTO DE COMPRA,0.0,10456412390.0,MORENO FLORES JOSE LUIS
INV000284250,INGN_LD04-01363,2025-04-22 05:00:00.000,A02,ALMACEN CHALAN PLAZA,PD00534,LIMON X KG,,1.0,Kilogramos,FRUTAS Y VERDURAS,VERDURAS,0.0,-,,2.0,Compra Nacional,,  ,,,,,,,Entrada,KG,1.0,1.0,Kilogramos,1.0,3.7,3.7,0.0,0.0,0.0,15.165,3.700048466864491,56.111235,KG,1.0,0.0,0.0,1.0,1.0,MERCADERÍA,1.0,TIENDA PLAZA,101.0,VENTA PLAZA,10103.0,COSTO DE COMPRA,0.0,10474092611.0,VARGASMACHUCA ROJAS TOMAS IQUIQUE
INV000284256,INS7_LD04-00080,2025-04-22 05:00:00.000,A15,ALMACEN MANCORA,PD00534,LIMON X KG,,1.0,Kilogramos,FRUTAS Y VERDURAS,VERDURAS,0.0,-,,2.0,Compra Nacional,,  ,,,,,,,Entrada,KG,3.0,1.0,Kilogramos,3.0,3.7,11.1,0.0,0.0,0.0,19.025,3.8209513797634695,72.6936,KG,3.0,0.0,0.0,2.0,1.0,MERCADERÍA,6.0,TIENDA MANCORA,601.0,VENTA MANCORA,60106.0,COSTO DE COMPRA,0.0,10474092611.0,VARGASMACHUCA ROJAS TOMAS IQUIQUE
INV000297512,INGN_LD04-01813,2025-04-22 08:42:00.000,A08,ALMACEN REPOSTERIA,PD00534,LIMON X KG,,1.0,Kilogramos,FRUTAS Y VERDURAS,VERDURAS,0.0,-,,53.0,P SEMITERM REPOSTERIA,,  ,,,,,,,Salida,KG,0.0036,1.0,Kilogramos,0.0,0.0,0.0,0.0036,3.70011,0.01332,37.366,3.7001104747631537,138.258328,KG,0.0036,0.0,0.0,0.0,1.0,MERCADERÍA,12.0,REPOSTERIA,1201.0,PRODUCCION,120103.0,REPOSTERIA MAT PRIMA Y SUMINIS IND,0.0,,
INV000304000,INPR_LD04-00962,2025-04-22 13:00:02.000,A07,ALMACEN FABRICA(INSUMOS),PD00534,LIMON X KG,,1.0,Kilogramos,FRUTAS Y VERDURAS,VERDURAS,0.0,-,,56.0,P TERMINADO HELADOS,,  ,,,,,,,Salida,KG,12.562,1.0,Kilogramos,0.0,0.0,0.0,12.562,4.323102,54.306807,49.902,4.089894853913671,204.093933,,,0.0,0.0,1.0,1.0,MERCADERÍA,7.0,FABRICA,702.0,HELADOS,70206.0,COSTO DE COMPRA,0.0,,
INV000299114,INGN_LD04-00677,2025-04-22 14:47:00.000,A08,ALMACEN REPOSTERIA,PD00534,LIMON X KG,,1.0,Kilogramos,FRUTAS Y VERDURAS,VERDURAS,0.0,-,,58.0,P TERMINADO REPOSTERIA,,  ,,,,,,,Salida,KG,1.2,1.0,Kilogramos,0.0,0.0,0.0,1.2,3.70011,4.440132,36.166,3.7001104905159545,133.818196,KG,1.2,0.0,0.0,0.0,1.0,MERCADERÍA,12.0,REPOSTERIA,1201.0,PRODUCCION,120103.0,REPOSTERIA MAT PRIMA Y SUMINIS IND,0.0,,
INV000284253,INGN_LD04-01364,2025-04-23 05:00:00.000,A02,ALMACEN CHALAN PLAZA,PD00534,LIMON X KG,,1.0,Kilogramos,FRUTAS Y VERDURAS,VERDURAS,0.0,-,,2.0,Compra Nacional,,  ,,,,,,,Entrada,KG,4.0,1.0,Kilogramos,4.0,3.7,14.8,0.0,0.0,0.0,19.165,3.700038351160971,70.911235,KG,4.0,0.0,0.0,1.0,1.0,MERCADERÍA,1.0,TIENDA PLAZA,101.0,VENTA PLAZA,10103.0,COSTO DE COMPRA,0.0,10474092611.0,VARGASMACHUCA ROJAS TOMAS IQUIQUE
INV000284255,INS2_LD04-00209,2025-04-23 05:00:00.000,A03,ALMACEN CHALAN GRAU,PD00534,LIMON X KG,,1.0,Kilogramos,FRUTAS Y VERDURAS,VERDURAS,0.0,-,,2.0,Compra Nacional,,  ,,,,,,,Entrada,KG,3.0,1.0,Kilogramos,3.0,3.7,11.1,0.0,0.0,0.0,30.265,3.7285894597720137,112.84576,KG,3.0,0.0,0.0,0.0,1.0,MERCADERÍA,2.0,TIENDA GRAU,201.0,VENTA GRAU,20103.0,COSTO DE COMPRA,0.0,10474092611.0,VARGASMACHUCA ROJAS TOMAS IQUIQUE
INV000297262,INPR_LD04-00264,2025-04-23 08:00:00.000,A07,ALMACEN FABRICA(INSUMOS),PD00534,LIMON X KG,,1.0,Kilogramos,FRUTAS Y VERDURAS,VERDURAS,0.0,-,,60.0,P SEMITERM CREMOLADAS,,  ,,,,,,,Salida,KG,6.6,1.0,Kilogramos,0.0,0.0,0.0,6.6,4.323102,28.532473,43.302,4.0543499145536,175.56146,KG,6.6,0.0,0.0,1.0,1.0,MERCADERÍA,7.0,FABRICA,701.0,CREMOLADAS,70106.0,COSTO DE COMPRAS,0.0,,
INV000297263,INPR_LD04-00265,2025-04-23 08:00:00.000,A07,ALMACEN FABRICA(INSUMOS),PD00534,LIMON X KG,,1.0,Kilogramos,FRUTAS Y VERDURAS,VERDURAS,0.0,-,,60.0,P SEMITERM CREMOLADAS,,  ,,,,,,,Salida,KG,6.0,1.0,Kilogramos,0.0,0.0,0.0,6.0,4.323102,25.938612,37.302,4.011121333976731,149.622848,KG,6.0,0.0,0.0,1.0,1.0,MERCADERÍA,7.0,FABRICA,701.0,CREMOLADAS,70106.0,COSTO DE COMPRAS,0.0,,
INV000297515,INGN_LD04-01816,2025-04-23 08:02:00.000,A08,ALMACEN REPOSTERIA,PD00534,LIMON X KG,,1.0,Kilogramos,FRUTAS Y VERDURAS,VERDURAS,0.0,-,,53.0,P SEMITERM REPOSTERIA,,  ,,,,,,,Salida,KG,0.0016,1.0,Kilogramos,0.0,0.0,0.0,0.0016,3.70011,0.00592,36.1644,3.7001104954043202,133.812276,KG,0.0016,0.0,0.0,0.0,1.0,MERCADERÍA,12.0,REPOSTERIA,1201.0,PRODUCCION,120103.0,REPOSTERIA MAT PRIMA Y SUMINIS IND,0.0,,
INV000297518,INGN_LD04-01819,2025-04-23 08:07:00.000,A08,ALMACEN REPOSTERIA,PD00534,LIMON X KG,,1.0,Kilogramos,FRUTAS Y VERDURAS,VERDURAS,0.0,-,,53.0,P SEMITERM REPOSTERIA,,  ,,,,,,,Salida,KG,0.0006,1.0,Kilogramos,0.0,0.0,0.0,0.0006,3.70011,0.00222,36.1638,3.700110497237569,133.810056,KG,0.0006,0.0,0.0,0.0,1.0,MERCADERÍA,12.0,REPOSTERIA,1201.0,PRODUCCION,120103.0,REPOSTERIA MAT PRIMA Y SUMINIS IND,0.0,,
INV000297266,INPR_LD04-00268,2025-04-23 08:40:00.000,A07,ALMACEN FABRICA(INSUMOS),PD00534,LIMON X KG,,1.0,Kilogramos,FRUTAS Y VERDURAS,VERDURAS,0.0,-,,60.0,P SEMITERM CREMOLADAS,,  ,,,,,,,Salida,KG,32.0,1.0,Kilogramos,0.0,0.0,0.0,32.0,4.323102,138.339264,5.302,2.128175028291211,11.283584,KG,32.0,0.0,0.0,1.0,1.0,MERCADERÍA,7.0,FABRICA,701.0,CREMOLADAS,70106.0,COSTO DE COMPRAS,0.0,,
INV000299130,INGN_LD04-00693,2025-04-23 16:41:00.000,A08,ALMACEN REPOSTERIA,PD00534,LIMON X KG,,1.0,Kilogramos,FRUTAS Y VERDURAS,VERDURAS,0.0,-,,58.0,P TERMINADO REPOSTERIA,,  ,,,,,,,Salida,KG,1.2,1.0,Kilogramos,0.0,0.0,0.0,1.2,3.70011,4.440132,34.9638,3.7001105143033652,129.369924,KG,1.2,0.0,0.0,0.0,1.0,MERCADERÍA,12.0,REPOSTERIA,1201.0,PRODUCCION,120103.0,REPOSTERIA MAT PRIMA Y SUMINIS IND,0.0,,
INV000284258,INGN_LD04-01365,2025-04-24 05:00:00.000,A02,ALMACEN CHALAN PLAZA,PD00534,LIMON X KG,,1.0,Kilogramos,FRUTAS Y VERDURAS,VERDURAS,0.0,-,,2.0,Compra Nacional,,  ,,,,,,,Entrada,KG,3.0,1.0,Kilogramos,3.0,3.7,11.1,0.0,0.0,0.0,22.165,3.7000331603879992,82.011235,KG,3.0,0.0,0.0,1.0,1.0,MERCADERÍA,1.0,TIENDA PLAZA,101.0,VENTA PLAZA,10103.0,COSTO DE COMPRA,0.0,10474092611.0,VARGASMACHUCA ROJAS TOMAS IQUIQUE
INV000297519,INGN_LD04-01820,2025-04-24 08:50:00.000,A08,ALMACEN REPOSTERIA,PD00534,LIMON X KG,,1.0,Kilogramos,FRUTAS Y VERDURAS,VERDURAS,0.0,-,,53.0,P SEMITERM REPOSTERIA,,  ,,,,,,,Salida,KG,0.002,1.0,Kilogramos,0.0,0.0,0.0,0.002,3.70011,0.0074,34.9618,3.700110520625369,129.362524,KG,0.002,0.0,0.0,0.0,1.0,MERCADERÍA,12.0,REPOSTERIA,1201.0,PRODUCCION,120103.0,REPOSTERIA MAT PRIMA Y SUMINIS IND,0.0,,
INV000299148,INGN_LD04-00711,2025-04-24 17:57:00.000,A08,ALMACEN REPOSTERIA,PD00534,LIMON X KG,,1.0,Kilogramos,FRUTAS Y VERDURAS,VERDURAS,0.0,-,,58.0,P TERMINADO REPOSTERIA,,  ,,,,,,,Salida,KG,1.6,1.0,Kilogramos,0.0,0.0,0.0,1.6,3.70011,5.920176,33.3618,3.7001105455940624,123.442348,KG,1.6,0.0,0.0,0.0,1.0,MERCADERÍA,12.0,REPOSTERIA,1201.0,PRODUCCION,120103.0,REPOSTERIA MAT PRIMA Y SUMINIS IND,0.0,,
INV000283646,INS6_LD04-00099,2025-04-25 05:00:00.000,A07,ALMACEN FABRICA(INSUMOS),PD00534,LIMON X KG,,1.0,Kilogramos,FRUTAS Y VERDURAS,VERDURAS,0.0,-,,2.0,Compra Nacional,,  ,,,,,,,Entrada,KG,5.0,1.0,Kilogramos,5.0,4.8,24.0,0.0,0.0,0.0,10.302,3.424925645505727,35.283584,KG,5.0,0.0,0.0,1.0,1.0,MERCADERÍA,7.0,FABRICA,704.0,COSTO DE COMPRA,70401.0,COSTO DE COMPRA,0.0,20612502863.0,ORANGE PERUVIAN EMPRESA INDIVIDUAL DE RESPONSABILIDAD LIMITADA
INV000284260,INGN_LD04-01366,2025-04-25 05:00:00.000,A02,ALMACEN CHALAN PLAZA,PD00534,LIMON X KG,,1.0,Kilogramos,FRUTAS Y VERDURAS,VERDURAS,0.0,-,,2.0,Compra Nacional,,  ,,,,,,,Entrada,KG,2.0,1.0,Kilogramos,2.0,3.7,7.4,0.0,0.0,0.0,24.165,3.7000304158907515,89.411235,KG,2.0,0.0,0.0,1.0,1.0,MERCADERÍA,1.0,TIENDA PLAZA,101.0,VENTA PLAZA,10103.0,COSTO DE COMPRA,0.0,10474092611.0,VARGASMACHUCA ROJAS TOMAS IQUIQUE
INV000284261,INS2_LD04-00211,2025-04-25 05:00:00.000,A03,ALMACEN CHALAN GRAU,PD00534,LIMON X KG,,1.0,Kilogramos,FRUTAS Y VERDURAS,VERDURAS,0.0,-,,2.0,Compra Nacional,,  ,,,,,,,Entrada,KG,2.0,1.0,Kilogramos,2.0,3.7,7.4,0.0,0.0,0.0,32.265,3.7268172942817297,120.24576,KG,2.0,0.0,0.0,0.0,1.0,MERCADERÍA,2.0,TIENDA GRAU,201.0,VENTA GRAU,20103.0,COSTO DE COMPRA,0.0,10474092611.0,VARGASMACHUCA ROJAS TOMAS IQUIQUE
INV000297278,INPR_LD04-00276,2025-04-25 08:10:00.000,A07,ALMACEN FABRICA(INSUMOS),PD00534,LIMON X KG,,1.0,Kilogramos,FRUTAS Y VERDURAS,VERDURAS,0.0,-,,60.0,P SEMITERM CREMOLADAS,,  ,,,,,,,Salida,KG,4.4,1.0,Kilogramos,0.0,0.0,0.0,4.4,4.362482,19.194921,5.902,2.7259679769569636,16.088663,KG,4.4,0.0,0.0,1.0,1.0,MERCADERÍA,7.0,FABRICA,701.0,CREMOLADAS,70106.0,COSTO DE COMPRAS,0.0,,
INV000297522,INGN_LD04-01823,2025-04-25 08:54:00.000,A08,ALMACEN REPOSTERIA,PD00534,LIMON X KG,,1.0,Kilogramos,FRUTAS Y VERDURAS,VERDURAS,0.0,-,,53.0,P SEMITERM REPOSTERIA,,  ,,,,,,,Salida,KG,0.0012,1.0,Kilogramos,0.0,0.0,0.0,0.0012,3.70011,0.00444,33.3606,3.7001105495704514,123.437908,KG,0.0012,0.0,0.0,0.0,1.0,MERCADERÍA,12.0,REPOSTERIA,1201.0,PRODUCCION,120103.0,REPOSTERIA MAT PRIMA Y SUMINIS IND,0.0,,
INV000299163,INGN_LD04-00726,2025-04-25 15:20:00.000,A08,ALMACEN REPOSTERIA,PD00534,LIMON X KG,,1.0,Kilogramos,FRUTAS Y VERDURAS,VERDURAS,0.0,-,,58.0,P TERMINADO REPOSTERIA,,  ,,,,,,,Salida,KG,1.6,1.0,Kilogramos,0.0,0.0,0.0,1.6,3.70011,5.920176,31.7606,3.700110577256097,117.517732,KG,1.6,0.0,0.0,0.0,1.0,MERCADERÍA,12.0,REPOSTERIA,1201.0,PRODUCCION,120103.0,REPOSTERIA MAT PRIMA Y SUMINIS IND,0.0,,
INV000283905,INGN_LD04-01250,2025-04-26 05:00:00.000,A02,ALMACEN CHALAN PLAZA,PD00534,LIMON X KG,,1.0,Kilogramos,FRUTAS Y VERDURAS,VERDURAS,0.0,-,,2.0,Compra Nacional,,  ,,,,,,,Entrada,KG,12.0,1.0,Kilogramos,12.0,3.7,44.4,0.0,0.0,0.0,36.165,3.7000203235172133,133.811235,KG,12.0,0.0,0.0,1.0,1.0,MERCADERÍA,1.0,TIENDA PLAZA,101.0,VENTA PLAZA,10103.0,COSTO DE COMPRA,0.0,10474092611.0,VARGASMACHUCA ROJAS TOMAS IQUIQUE
INV000283907,INS2_LD04-00173,2025-04-26 05:00:00.000,A03,ALMACEN CHALAN GRAU,PD00534,LIMON X KG,,1.0,Kilogramos,FRUTAS Y VERDURAS,VERDURAS,0.0,-,,2.0,Compra Nacional,,  ,,,,,,,Entrada,KG,5.0,1.0,Kilogramos,5.0,3.7,18.5,0.0,0.0,0.0,37.265,3.7232191064001072,138.74576,KG,5.0,0.0,0.0,0.0,1.0,MERCADERÍA,2.0,TIENDA GRAU,201.0,VENTA GRAU,20103.0,COSTO DE COMPRA,0.0,10474092611.0,VARGASMACHUCA ROJAS TOMAS IQUIQUE
INV000283910,INS5_LD04-00199,2025-04-26 05:00:00.000,A06,ALMACEN CHALAN MEGA,PD00534,LIMON X KG,,1.0,Kilogramos,FRUTAS Y VERDURAS,VERDURAS,0.0,-,,2.0,Compra Nacional,,  ,,,,,,,Entrada,KG,1.0,1.0,Kilogramos,1.0,3.7,3.7,0.0,0.0,0.0,13.3,3.766872781954887,50.099408,KG,1.0,0.0,0.0,0.0,1.0,MERCADERÍA,5.0,TIENDA MEGA,501.0,VENTA MEGA,50106.0,COSTO DE COMPRA,0.0,10474092611.0,VARGASMACHUCA ROJAS TOMAS IQUIQUE
INV000297523,INGN_LD04-01824,2025-04-26 08:24:00.000,A08,ALMACEN REPOSTERIA,PD00534,LIMON X KG,,1.0,Kilogramos,FRUTAS Y VERDURAS,VERDURAS,0.0,-,,53.0,P SEMITERM REPOSTERIA,,  ,,,,,,,Salida,KG,0.0032,1.0,Kilogramos,0.0,0.0,0.0,0.0032,3.70011,0.01184,31.7574,3.7001105883982945,117.505892,KG,0.0032,0.0,0.0,0.0,1.0,MERCADERÍA,12.0,REPOSTERIA,1201.0,PRODUCCION,120103.0,REPOSTERIA MAT PRIMA Y SUMINIS IND,0.0,,
INV000297526,INGN_LD04-01827,2025-04-26 08:26:02.000,A08,ALMACEN REPOSTERIA,PD00534,LIMON X KG,,1.0,Kilogramos,FRUTAS Y VERDURAS,VERDURAS,0.0,-,,53.0,P SEMITERM REPOSTERIA,,  ,,,,,,,Salida,KG,0.0006,1.0,Kilogramos,0.0,0.0,0.0,0.0006,3.70011,0.00222,31.7568,3.700110558998388,117.503671,KG,0.0006,0.0,0.0,0.0,1.0,MERCADERÍA,12.0,REPOSTERIA,1201.0,PRODUCCION,120103.0,REPOSTERIA MAT PRIMA Y SUMINIS IND,0.0,,
INV000299180,INGN_LD04-00743,2025-04-26 23:42:00.000,A08,ALMACEN REPOSTERIA,PD00534,LIMON X KG,,1.0,Kilogramos,FRUTAS Y VERDURAS,VERDURAS,0.0,-,,58.0,P TERMINADO REPOSTERIA,,  ,,,,,,,Salida,KG,1.2,1.0,Kilogramos,0.0,0.0,0.0,1.2,3.70011,4.440132,30.5568,3.700110580950885,113.063539,KG,1.2,0.0,0.0,0.0,1.0,MERCADERÍA,12.0,REPOSTERIA,1201.0,PRODUCCION,120103.0,REPOSTERIA MAT PRIMA Y SUMINIS IND,0.0,,
INV000297530,INGN_LD04-01831,2025-04-27 08:06:00.000,A08,ALMACEN REPOSTERIA,PD00534,LIMON X KG,,1.0,Kilogramos,FRUTAS Y VERDURAS,VERDURAS,0.0,-,,53.0,P SEMITERM REPOSTERIA,,  ,,,,,,,Salida,KG,0.0006,1.0,Kilogramos,0.0,0.0,0.0,0.0006,3.70011,0.00222,30.5562,3.700110583122247,113.061319,KG,0.0006,0.0,0.0,0.0,1.0,MERCADERÍA,12.0,REPOSTERIA,1201.0,PRODUCCION,120103.0,REPOSTERIA MAT PRIMA Y SUMINIS IND,0.0,,
INV000297527,INGN_LD04-01828,2025-04-27 08:59:00.000,A08,ALMACEN REPOSTERIA,PD00534,LIMON X KG,,1.0,Kilogramos,FRUTAS Y VERDURAS,VERDURAS,0.0,-,,53.0,P SEMITERM REPOSTERIA,,  ,,,,,,,Salida,KG,0.0016,1.0,Kilogramos,0.0,0.0,0.0,0.0016,3.70011,0.00592,30.5546,3.700110588912962,113.055399,KG,0.0016,0.0,0.0,0.0,1.0,MERCADERÍA,12.0,REPOSTERIA,1201.0,PRODUCCION,120103.0,REPOSTERIA MAT PRIMA Y SUMINIS IND,0.0,,
INV000299199,INGN_LD04-00762,2025-04-27 09:00:00.000,A08,ALMACEN REPOSTERIA,PD00534,LIMON X KG,,1.0,Kilogramos,FRUTAS Y VERDURAS,VERDURAS,0.0,-,,58.0,P TERMINADO REPOSTERIA,,  ,,,,,,,Salida,KG,1.2,1.0,Kilogramos,0.0,0.0,0.0,1.2,3.70011,4.440132,29.3546,3.700110612987402,108.615267,KG,1.2,0.0,0.0,0.0,1.0,MERCADERÍA,12.0,REPOSTERIA,1201.0,PRODUCCION,120108.0,COSTO COMPRA,0.0,,
INV000283651,INS6_LD04-00103,2025-04-28 05:00:00.000,A07,ALMACEN FABRICA(INSUMOS),PD00534,LIMON X KG,,1.0,Kilogramos,FRUTAS Y VERDURAS,VERDURAS,0.0,-,,2.0,Compra Nacional,,  ,,,,,,,Entrada,KG,1.0,1.0,Kilogramos,1.0,3.7,3.7,0.0,0.0,0.0,6.902,2.867091133004926,19.788663,KG,1.0,0.0,0.0,1.0,1.0,MERCADERÍA,7.0,FABRICA,703.0,ADMINISTRATIVOS,70301.0,ADMINISTRATIVOS,0.0,10474092611.0,VARGASMACHUCA ROJAS TOMAS IQUIQUE
INV000287272,INS2_LD04-00213,2025-04-28 05:00:01.000,A03,ALMACEN CHALAN GRAU,PD00534,LIMON X KG,,1.0,Kilogramos,FRUTAS Y VERDURAS,VERDURAS,0.0,-,,2.0,Compra Nacional,,  ,,,,,,,Entrada,KG,3.0,1.0,Kilogramos,3.0,3.7,11.1,0.0,0.0,0.0,40.265,3.7214891344840435,149.84576,KG,3.0,0.0,0.0,0.0,1.0,MERCADERÍA,2.0,TIENDA GRAU,201.0,VENTA GRAU,20103.0,COSTO DE COMPRA,0.0,10474092611.0,VARGASMACHUCA ROJAS TOMAS IQUIQUE
INV000287273,INGN_LD04-01471,2025-04-28 05:00:02.000,A02,ALMACEN CHALAN PLAZA,PD00534,LIMON X KG,,1.0,Kilogramos,FRUTAS Y VERDURAS,VERDURAS,0.0,-,,2.0,Compra Nacional,,  ,,,,,,,Entrada,KG,2.0,1.0,Kilogramos,2.0,3.7,7.4,0.0,0.0,0.0,38.165,3.700019258482903,141.211235,KG,2.0,0.0,0.0,1.0,1.0,MERCADERÍA,1.0,TIENDA PLAZA,101.0,VENTA PLAZA,10103.0,COSTO DE COMPRA,0.0,10474092611.0,VARGASMACHUCA ROJAS TOMAS IQUIQUE
INV000296612,INGN_LD04-01754,2025-04-28 07:35:44.853,A02,ALMACEN CHALAN PLAZA,PD00534,LIMON X KG,,1.0,Kilogramos,FRUTAS Y VERDURAS,VERDURAS,0.0,-,,17.0,Otros,,  ,,,,,,,Salida,KG,37.799,1.0,Kilogramos,0.0,0.0,0.0,37.799,3.700019,139.857018,0.366,3.700046448087432,1.354217,KG,37.799,0.0,0.0,1.0,1.0,MERCADERÍA,1.0,TIENDA PLAZA,101.0,VENTA PLAZA,10103.0,COSTO DE COMPRA,0.0,,
INV000296612,INGN_LD04-01754,2025-04-28 07:35:44.853,A07,ALMACEN FABRICA(INSUMOS),PD00534,LIMON X KG,,1.0,Kilogramos,FRUTAS Y VERDURAS,VERDURAS,0.0,-,,17.0,Otros,,  ,,,,,,,Entrada,KG,37.799,1.0,Kilogramos,37.799,3.700019,139.857018,0.0,0.0,0.0,44.701,3.571411847609673,159.645681,KG,37.799,0.0,0.0,1.0,1.0,MERCADERÍA,1.0,TIENDA PLAZA,101.0,VENTA PLAZA,10103.0,COSTO DE COMPRA,0.0,,
INV000297289,INPR_LD04-00285,2025-04-28 08:00:00.000,A07,ALMACEN FABRICA(INSUMOS),PD00534,LIMON X KG,,1.0,Kilogramos,FRUTAS Y VERDURAS,VERDURAS,0.0,-,,60.0,P SEMITERM CREMOLADAS,,  ,,,,,,,Salida,KG,6.6,1.0,Kilogramos,0.0,0.0,0.0,6.6,4.091779,27.005741,38.101,3.4812718826277527,132.63994,KG,6.6,0.0,0.0,1.0,1.0,MERCADERÍA,7.0,FABRICA,701.0,CREMOLADAS,70106.0,COSTO DE COMPRAS,0.0,,
INV000298003,INPR_LD04-00729,2025-04-28 08:01:00.000,A07,ALMACEN FABRICA(INSUMOS),PD00534,LIMON X KG,,1.0,Kilogramos,FRUTAS Y VERDURAS,VERDURAS,0.0,-,,60.0,P SEMITERM CREMOLADAS,,  ,,,,,,,Salida,KG,16.0,1.0,Kilogramos,0.0,0.0,0.0,16.0,4.091779,65.468464,22.101,3.0392957784715624,67.171476,KG,16.0,0.0,0.0,1.0,1.0,MERCADERÍA,7.0,FABRICA,701.0,CREMOLADAS,70106.0,COSTO DE COMPRAS,0.0,,
INV000297531,INGN_LD04-01832,2025-04-28 08:30:00.000,A08,ALMACEN REPOSTERIA,PD00534,LIMON X KG,,1.0,Kilogramos,FRUTAS Y VERDURAS,VERDURAS,0.0,-,,53.0,P SEMITERM REPOSTERIA,,  ,,,,,,,Salida,KG,0.0008,1.0,Kilogramos,0.0,0.0,0.0,0.0008,3.70011,0.00296,29.3538,3.700110616002017,108.612307,KG,0.0008,0.0,0.0,0.0,1.0,MERCADERÍA,12.0,REPOSTERIA,1201.0,PRODUCCION,120103.0,REPOSTERIA MAT PRIMA Y SUMINIS IND,0.0,,
INV000297534,INGN_LD04-01835,2025-04-28 08:50:00.000,A08,ALMACEN REPOSTERIA,PD00534,LIMON X KG,,1.0,Kilogramos,FRUTAS Y VERDURAS,VERDURAS,0.0,-,,53.0,P SEMITERM REPOSTERIA,,  ,,,,,,,Salida,KG,0.0006,1.0,Kilogramos,0.0,0.0,0.0,0.0006,3.70011,0.00222,29.3532,3.700110618263085,108.610087,KG,0.0006,0.0,0.0,0.0,1.0,MERCADERÍA,12.0,REPOSTERIA,1201.0,PRODUCCION,120103.0,REPOSTERIA MAT PRIMA Y SUMINIS IND,0.0,,
INV000299216,INGN_LD04-00779,2025-04-28 11:53:00.000,A08,ALMACEN REPOSTERIA,PD00534,LIMON X KG,,1.0,Kilogramos,FRUTAS Y VERDURAS,VERDURAS,0.0,-,,58.0,P TERMINADO REPOSTERIA,,  ,,,,,,,Salida,KG,1.2,1.0,Kilogramos,0.0,0.0,0.0,1.2,3.70011,4.440132,28.1532,3.700110644615888,104.169955,KG,1.2,0.0,0.0,0.0,1.0,MERCADERÍA,12.0,REPOSTERIA,1201.0,PRODUCCION,120108.0,COSTO COMPRA,0.0,,
INV000291776,INS5_LD04-00057,2025-04-28 13:42:00.000,A06,ALMACEN CHALAN MEGA,PD00534,LIMON X KG,,1.0,Kilogramos,FRUTAS Y VERDURAS,VERDURAS,0.0,-,,2.0,Compra Nacional,,  ,,,,,,,Entrada,KG,2.0,1.0,Kilogramos,2.0,3.7,7.4,0.0,0.0,0.0,15.3,3.7581312418300654,57.499408,KG,2.0,0.0,0.0,0.0,1.0,MERCADERÍA,5.0,TIENDA MEGA,501.0,VENTA MEGA,50106.0,COSTO DE COMPRA,0.0,10474092611.0,VARGASMACHUCA ROJAS TOMAS IQUIQUE
INV000304001,INPR_LD04-00963,2025-04-28 16:00:00.000,A07,ALMACEN FABRICA(INSUMOS),PD00534,LIMON X KG,,1.0,Kilogramos,FRUTAS Y VERDURAS,VERDURAS,0.0,-,,56.0,P TERMINADO HELADOS,,  ,,,,,,,Salida,KG,13.704,1.0,Kilogramos,0.0,0.0,0.0,13.704,4.091779,56.073739,8.397,1.321631177801596,11.097737,,,0.0,0.0,1.0,1.0,MERCADERÍA,7.0,FABRICA,702.0,HELADOS,70206.0,COSTO DE COMPRA,0.0,,
INV000307010,INGN_LD04-02085,2025-04-28 23:58:20.457,A08,ALMACEN REPOSTERIA,PD00534,LIMON X KG,,1.0,Kilogramos,FRUTAS Y VERDURAS,VERDURAS,0.0,-,,17.0,Otros,,  ,,,,,,,Salida,KG,25.0,1.0,Kilogramos,0.0,0.0,0.0,25.0,3.70011,92.50275,3.1532,3.700115755423062,11.667205,KG,25.0,0.0,0.0,0.0,1.0,MERCADERÍA,12.0,REPOSTERIA,1201.0,PRODUCCION,120108.0,COSTO COMPRA,0.0,,
INV000307010,INGN_LD04-02085,2025-04-28 23:58:20.457,A07,ALMACEN FABRICA(INSUMOS),PD00534,LIMON X KG,,1.0,Kilogramos,FRUTAS Y VERDURAS,VERDURAS,0.0,-,,17.0,Otros,,  ,,,,,,,Entrada,KG,25.0,1.0,Kilogramos,25.0,3.70011,92.50275,0.0,0.0,0.0,33.397,3.1020896188280385,103.600487,KG,25.0,0.0,0.0,1.0,1.0,MERCADERÍA,12.0,REPOSTERIA,1201.0,PRODUCCION,120108.0,COSTO COMPRA,0.0,,
INV000283802,INGN_LD04-01245,2025-04-29 05:00:00.000,A02,ALMACEN CHALAN PLAZA,PD00534,LIMON X KG,,1.0,Kilogramos,FRUTAS Y VERDURAS,VERDURAS,0.0,-,,2.0,Compra Nacional,,  ,,,,,,,Entrada,KG,2.0,1.0,Kilogramos,2.0,3.7,7.4,0.0,0.0,0.0,2.366,3.70000718512257,8.754217,KG,2.0,0.0,0.0,1.0,1.0,MERCADERÍA,1.0,TIENDA PLAZA,101.0,VENTA PLAZA,10103.0,COSTO DE COMPRA,0.0,10474092611.0,VARGASMACHUCA ROJAS TOMAS IQUIQUE
INV000297367,INPR_LD04-00294,2025-04-29 08:05:00.000,A07,ALMACEN FABRICA(INSUMOS),PD00534,LIMON X KG,,1.0,Kilogramos,FRUTAS Y VERDURAS,VERDURAS,0.0,-,,60.0,P SEMITERM CREMOLADAS,,  ,,,,,,,Salida,KG,11.0,1.0,Kilogramos,0.0,0.0,0.0,11.0,3.991195,43.903145,22.397,2.665416886190115,59.697342,KG,11.0,0.0,0.0,1.0,1.0,MERCADERÍA,7.0,FABRICA,701.0,CREMOLADAS,70106.0,COSTO DE COMPRAS,0.0,,
INV000297535,INGN_LD04-01836,2025-04-29 08:08:00.000,A08,ALMACEN REPOSTERIA,PD00534,LIMON X KG,,1.0,Kilogramos,FRUTAS Y VERDURAS,VERDURAS,0.0,-,,53.0,P SEMITERM REPOSTERIA,,  ,,,,,,,Salida,KG,0.0008,1.0,Kilogramos,0.0,0.0,0.0,0.0008,3.70011,0.00296,3.1524,3.700115784798883,11.664245,KG,0.0008,0.0,0.0,0.0,1.0,MERCADERÍA,12.0,REPOSTERIA,1201.0,PRODUCCION,120103.0,REPOSTERIA MAT PRIMA Y SUMINIS IND,0.0,,
INV000297372,INPR_LD04-00299,2025-04-29 08:50:00.000,A07,ALMACEN FABRICA(INSUMOS),PD00534,LIMON X KG,,1.0,Kilogramos,FRUTAS Y VERDURAS,VERDURAS,0.0,-,,60.0,P SEMITERM CREMOLADAS,,  ,,,,,,,Salida,KG,22.4,1.0,Kilogramos,0.0,0.0,0.0,22.4,3.991195,89.402768,-0.003,9901.808666666666,-29.705426,KG,22.4,0.0,0.0,1.0,1.0,MERCADERÍA,7.0,FABRICA,701.0,CREMOLADAS,70106.0,COSTO DE COMPRAS,0.0,,
INV000299235,INGN_LD04-00798,2025-04-29 17:07:00.000,A08,ALMACEN REPOSTERIA,PD00534,LIMON X KG,,1.0,Kilogramos,FRUTAS Y VERDURAS,VERDURAS,0.0,-,,58.0,P TERMINADO REPOSTERIA,,  ,,,,,,,Salida,KG,1.2,1.0,Kilogramos,0.0,0.0,0.0,1.2,3.70011,4.440132,1.9524,3.700119340299119,7.224113,KG,1.2,0.0,0.0,0.0,1.0,MERCADERÍA,12.0,REPOSTERIA,1201.0,PRODUCCION,120108.0,COSTO COMPRA,0.0,,
INV000283738,INGN_LD04-01244,2025-04-30 05:00:00.000,A02,ALMACEN CHALAN PLAZA,PD00534,LIMON X KG,,1.0,Kilogramos,FRUTAS Y VERDURAS,VERDURAS,0.0,-,,2.0,Compra Nacional,,  ,,,,,,,Entrada,KG,10.0,1.0,Kilogramos,10.0,3.7,37.0,0.0,0.0,0.0,12.366,3.7000013747371825,45.754217,KG,10.0,0.0,0.0,1.0,1.0,MERCADERÍA,1.0,TIENDA PLAZA,101.0,VENTA PLAZA,10103.0,COSTO DE COMPRA,0.0,10474092611.0,VARGASMACHUCA ROJAS TOMAS IQUIQUE
INV000283744,INS2_LD04-00168,2025-04-30 05:00:00.000,A03,ALMACEN CHALAN GRAU,PD00534,LIMON X KG,,1.0,Kilogramos,FRUTAS Y VERDURAS,VERDURAS,0.0,-,,2.0,Compra Nacional,,  ,,,,,,,Entrada,KG,5.0,1.0,Kilogramos,5.0,3.7,18.5,0.0,0.0,0.0,45.265,3.7191154313487242,168.34576,KG,5.0,0.0,0.0,0.0,1.0,MERCADERÍA,2.0,TIENDA GRAU,201.0,VENTA GRAU,20103.0,COSTO DE COMPRA,0.0,10474092611.0,VARGASMACHUCA ROJAS TOMAS IQUIQUE
INV000297536,INGN_LD04-01837,2025-04-30 08:17:00.000,A08,ALMACEN REPOSTERIA,PD00534,LIMON X KG,,1.0,Kilogramos,FRUTAS Y VERDURAS,VERDURAS,0.0,-,,53.0,P SEMITERM REPOSTERIA,,  ,,,,,,,Salida,KG,0.0012,1.0,Kilogramos,0.0,0.0,0.0,0.0012,3.70011,0.00444,1.9512,3.700119413694137,7.219673,KG,0.0012,0.0,0.0,0.0,1.0,MERCADERÍA,12.0,REPOSTERIA,1201.0,PRODUCCION,120103.0,REPOSTERIA MAT PRIMA Y SUMINIS IND,0.0,,
INV000287106,INGN_LD04-01464,2025-04-30 09:55:59.227,A02,ALMACEN CHALAN PLAZA,PD00534,LIMON X KG,,1.0,Kilogramos,FRUTAS Y VERDURAS,VERDURAS,0.0,-,,52.0,Consumo,,  ,,,,,,,Salida,KG,3.875,1.0,Kilogramos,0.0,0.0,0.0,3.875,3.700004,14.337515,8.491,3.7000001177717583,31.416701,KG,3.875,0.0,0.0,1.0,1.0,MERCADERÍA,1.0,TIENDA PLAZA,101.0,VENTA PLAZA,10106.0,GASTOS ADMINISTRATIVOS,0.0,,
INV000299255,INGN_LD04-00818,2025-04-30 18:50:00.000,A08,ALMACEN REPOSTERIA,PD00534,LIMON X KG,,1.0,Kilogramos,FRUTAS Y VERDURAS,VERDURAS,0.0,-,,58.0,P TERMINADO REPOSTERIA,,  ,,,,,,,Salida,KG,1.2,1.0,Kilogramos,0.0,0.0,0.0,1.2,3.70011,4.440132,0.7512,3.700134451544196,2.779541,KG,1.2,0.0,0.0,0.0,1.0,MERCADERÍA,12.0,REPOSTERIA,1201.0,PRODUCCION,120108.0,COSTO COMPRA,0.0,,
INV000295550,INS5_LD04-00253,2025-04-30 23:28:18.567,A06,ALMACEN CHALAN MEGA,PD00534,LIMON X KG,,1.0,Kilogramos,FRUTAS Y VERDURAS,VERDURAS,0.0,-,,1.0,Venta Nacional,,  ,,,,,,,Salida,KG,15.3,1.0,Kilogramos,0.0,0.0,0.0,15.3,3.758131,57.499404,0.0,0.0,4e-06,KG,15.3,0.0,0.0,0.0,1.0,MERCADERÍA,5.0,TIENDA MEGA,501.0,VENTA MEGA,50110.0,MATERIA PRIMA Y SUMIN,0.0,,
INV000295303,INS2_LD04-00247,2025-04-30 23:28:30.483,A03,ALMACEN CHALAN GRAU,PD00534,LIMON X KG,,1.0,Kilogramos,FRUTAS Y VERDURAS,VERDURAS,0.0,-,,52.0,Consumo,,  ,,,,,,,Salida,KG,39.470000000000006,1.0,Kilogramos,0.0,0.0,0.0,39.47,3.719115,146.793469,5.795,3.719118377911993,21.552291,KG,39.47,0.0,0.0,0.0,1.0,MERCADERÍA,2.0,TIENDA GRAU,201.0,VENTA GRAU,20110.0,MATERIA PRIMA Y SUM DIRECTOS,0.0,,
INV000295404,INS7_LD04-00120,2025-04-30 23:34:32.360,A15,ALMACEN MANCORA,PD00534,LIMON X KG,,1.0,Kilogramos,FRUTAS Y VERDURAS,VERDURAS,0.0,-,,52.0,Consumo,,  ,,,,,,,Salida,KG,18.5,1.0,Kilogramos,0.0,0.0,0.0,18.5,3.820951,70.687594,0.525,3.8209638095238097,2.006006,KG,18.5,0.0,0.0,2.0,1.0,MERCADERÍA,6.0,TIENDA MANCORA,601.0,VENTA MANCORA,60110.0,MATERIA PRIMA Y SUMINISTROS,0.0,,
INV000300969,INGN_LD04-02034,2025-04-30 23:55:55.393,A08,ALMACEN REPOSTERIA,PD00534,LIMON X KG,,1.0,Kilogramos,FRUTAS Y VERDURAS,VERDURAS,0.0,-,,41.0,Otros 1 (Salida),,  ,,,,,,,Salida,KG,0.75,1.0,Kilogramos,0.0,0.0,0.0,0.75,3.70011,2.775082,0.0012,3.7150000000000003,0.004458,KG,0.75,0.0,0.0,0.0,1.0,MERCADERÍA,12.0,REPOSTERIA,1201.0,PRODUCCION,120102.0,GASTOS DE VENTAS,0.0,,
,,,,,,,,,,,,,,,,,,,,,,,,,,,,,,684.229,,2857.48989,669.4198,,2832.215852,14.8092,,25.274038,,,,,,,,,,,,,,,,
